ID;X_COORD;Y_COORD;P9303;Q9303;P93;G0;CT9303;CI9303;CC9303;WP9303;WQ9303;WP93;WG0;WCT9303;WCI9303;WCC9303
110001;-64,521120;-9,420980;-0,049230;0,881090;8,298300;0,000000;1,908260;1,146580;1,206000;0,263232;0,852888;3,794100;0,408857;1,615270;-0,816760;1,638733
110002;-63,839540;-11,677880;0,058430;0,147700;4,644300;0,440330;1,712180;2,030360;-0,165410;0,080235;0,146247;3,536540;0,543725;2,490628;0,808605;2,092862
110003;-62,616670;-9,533850;0,206590;0,195010;2,537500;0,694220;1,664180;-1,384650;1,661570;0,118607;1,074995;3,957900;0,371618;1,153250;0,718207;1,023010
110004;-62,544250;-10,542850;0,074700;-0,626550;3,102700;0,626100;2,206040;-0,294030;1,975240;0,073828;0,420237;2,647440;0,546053;2,077838;1,654180;1,326228
110005;-62,787330;-11,668000;0,156980;0,365930;1,819700;0,780710;3,084140;1,646860;2,734210;0,090540;-0,171443;2,893860;0,611507;2,227430;0,823780;1,421943
110006;-61,664750;-12,083730;0,138490;-0,035480;1,924500;0,768090;2,764070;0,735010;2,456000;0,111597;0,299900;2,827640;0,648203;1,938112;2,252978;1,479310
110007;-60,725960;-12,123640;0,179810;1,165030;2,311200;0,721490;1,824560;2,522710;1,779450;0,111403;0,476885;2,496980;0,663208;1,291577;2,203438;1,131737
110008;-61,223640;-13,078360;0,267950;-0,219880;2,260300;0,727620;1,467550;1,861050;2,487370;0,141920;0,775093;2,386840;0,684577;1,396373;1,241497;1,251343
120001;-73,008680;-8,306430;0,307080;1,368540;6,257300;0,245960;0,136280;-2,058120;2,900690;0,462805;1,985355;5,079700;0,007095;-0,481630;-1,388745;-2,893280
120002;-70,951500;-8,868570;0,461440;2,095430;6,000900;0,276850;-1,061070;-3,593170;-2,370280;0,675872;1,228815;4,471820;0,307600;1,146523;-0,113185;0,365308
120003;-69,650510;-9,718110;0,158980;0,983100;5,441000;0,344330;2,335470;0,574870;3,959190;0,724958;0,838305;4,583800;0,473735;0,968230;-0,262820;-0,458413
120004;-68,007500;-9,973630;0,379590;0,436610;6,202900;0,252520;1,310620;3,976420;-0,128640;0,502276;0,914332;4,839620;0,376494;2,300240;-1,042220;2,294860
120005;-69,302490;-10,655730;0,285540;0,132840;4,457900;0,462800;1,606840;-1,649360;2,647640;0,269285;0,709855;4,780420;0,298425;1,823045;2,275645;1,915275
130001;-65,201530;-0,429700;0,622860;2,266660;12,379600;-0,491820;4,909390;1,470540;0,003660;1,002555;2,558437;5,880060;0,136568;1,132468;1,240163;1,464318
130002;-66,905120;-1,871920;0,941340;3,652630;11,461200;-0,381140;2,154150;1,319300;-0,270050;0,604213;2,617373;10,059080;-0,199560;2,451108;0,737528;-1,081280
130003;-69,534490;-4,572930;0,737070;3,241630;9,498700;-0,144650;4,636190;-0,328280;-4,194610;0,587697;2,714983;7,754380;-0,281603;0,525893;0,608960;-1,519940
130004;-67,591510;-5,455600;0,464170;1,875280;10,478000;-0,262660;0,097810;0,815680;-3,416280;0,663210;1,982878;7,558520;0,208748;1,447958;-1,928477;-0,146037
130005;-65,522480;-3,920770;0,357580;2,617040;9,966400;-0,201010;-0,674280;-0,308100;-0,873490;0,636950;2,599998;9,255380;-0,115328;2,291076;-0,315074;-0,299556
130006;-63,351420;-3,953970;0,699340;2,344160;7,972700;0,039240;0,933130;2,115950;0,739320;0,553585;2,533283;9,436900;-0,069770;1,728035;-0,744478;0,719280
130007;-60,134950;-3,171280;0,539650;1,698810;6,511000;0,215380;1,180350;2,280050;-1,034080;0,632372;2,436226;9,598780;-0,181736;1,300658;0,693050;-0,181468
130008;-60,022880;-1,466890;0,754820;2,304370;15,965600;-0,923950;0,345030;0,536270;-0,386410;0,755712;1,688448;4,897460;0,096504;1,858912;1,935462;-0,179452
130009;-58,394500;-3,368300;0,567590;2,187670;6,635000;0,200450;1,151240;3,073130;-2,109710;0,526523;1,923023;10,420120;-0,201968;0,463950;0,132613;-0,367672
130010;-58,163170;-3,542960;0,294370;0,610640;11,341300;-0,366700;1,165920;1,444770;-0,896000;0,661110;1,811732;8,263000;0,012102;0,984578;0,463782;0,241432
130011;-68,082820;-8,269750;1,773260;0,688340;6,689220;0,902770;2,016530;0,214830;-1,982370;0,361402;1,455342;6,689220;0,156722;1,263386;-0,744844;0,737566
130012;-64,949490;-7,168420;0,342830;1,886290;6,866300;0,172570;3,634100;-5,498020;5,643840;0,591709;1,702970;6,989120;0,142609;0,679510;0,604389;-0,515666
130013;-60,870280;-6,366020;0,517250;3,078270;6,079300;0,267400;-0,835500;-3,730640;0,845800;0,339333;1,282548;6,999500;0,244789;1,672705;1,321948;0,340805
140001;-62,553890;3,653340;1,216180;0,000000;5,669040;0,944670;-1,119450;-0,827810;-0,776530;1,267595;1,836095;5,669040;0,944745;0,959675;0,216530;4,385850
140002;-60,282500;3,490640;1,209100;0,000000;5,633800;0,944820;0,624860;0,652470;2,173440;1,271135;1,836095;5,633800;0,944670;0,087520;-0,523610;2,910865
140003;-61,626850;0,773390;1,326090;3,672190;5,669040;0,944670;1,294490;-0,219410;6,598260;1,200557;0,986280;5,669040;0,580720;1,325615;0,676005;1,134860
140004;-60,387780;0,024170;1,754090;1,678460;6,936000;0,925210;0,887660;1,408820;3,138870;0,587586;1,842484;6,936000;-0,261678;1,705126;-0,051802;1,510532
150001;-56,982220;-0,411620;-0,060210;0,358560;12,203400;-0,470590;0,810800;-3,491180;2,233150;0,568570;0,893918;7,984340;0,246578;0,969678;2,199636;-0,242040
150002;-54,655220;-1,457190;0,147110;1,168610;5,635500;0,320890;0,266210;1,758600;-0,791520;0,285980;0,627650;7,586520;0,054715;1,307228;0,841943;0,943245
150003;-53,742580;-0,119250;0,214160;-0,251180;5,979800;0,279400;-1,019640;1,399700;-0,388440;0,240090;1,112222;7,110000;0,094076;0,533976;-1,263892;1,775806
150004;-51,049280;-1,955620;0,371810;0,879890;7,618700;0,081900;-0,771790;-3,484030;0,561760;0,375652;1,066576;7,583920;0,271606;0,507038;0,241120;2,260750
150005;-50,423720;-0,792760;0,572090;2,226800;8,794800;-0,059820;-2,107180;-2,748330;0,837080;0,273732;0,622358;8,857240;0,111864;0,439286;1,095810;2,325890
150006;-49,417450;-0,508050;0,493600;0,131080;10,303400;-0,241630;-0,948420;0,447550;1,711530;0,255915;0,646000;10,009600;-0,042008;0,506852;1,467210;2,060335
150007;-48,487010;-1,359020;0,249980;0,198180;12,572800;-0,515100;1,856600;3,010700;3,801650;0,324927;0,570348;9,417620;-0,039993;-0,048655;1,313015;0,489767
150008;-48,055620;-1,411560;0,231510;1,049370;10,426100;-0,256410;-0,366000;-1,351470;0,603960;0,217728;0,302728;9,138060;-0,124595;-0,090582;0,876412;0,381498
150009;-47,743110;-0,835180;0,163550;0,314720;7,780100;0,062450;0,216200;-0,198980;0,437420;0,238163;0,346060;9,633100;-0,104173;-0,555270;-0,738787;0,822260
150010;-47,089210;-1,122090;-0,010620;-0,142270;6,758900;0,185520;-0,351390;-1,312440;0,151290;0,193530;0,593673;8,342040;-0,056857;0,237090;-0,245903;0,521457
150011;-49,330520;-2,597150;0,350270;0,203210;3,317100;0,600270;3,297350;3,657080;3,979470;0,423610;1,036463;8,898120;-0,038149;-0,037589;-0,047473;1,320484
150012;-48,757150;-2,440680;0,224330;0,897730;10,474200;-0,262200;-2,177550;2,498900;-4,335890;0,302780;0,729818;8,946800;0,049200;1,528946;1,119798;2,274790
150013;-47,539470;-2,271840;0,185530;0,416930;8,104300;0,023390;0,861070;0,812740;0,522990;0,208943;0,719148;9,322740;0,079538;1,002593;0,169185;0,544858
150014;-56,547110;-6,378180;0,433120;1,263060;7,683500;0,074090;3,548240;4,986290;-2,273110;0,338159;1,156534;4,004520;0,244581;0,710759;-0,538184;1,091009
150015;-54,267510;-6,068870;0,556850;1,140160;5,510400;0,335960;1,889510;0,472960;4,201380;0,422346;0,998064;6,107240;0,356879;1,248595;2,481080;0,903234
150016;-49,957860;-4,439640;0,496610;1,781400;5,030100;0,393850;1,995710;-0,530060;2,465880;0,345731;0,999200;5,358600;0,133013;1,071846;3,838043;1,771626
150017;-48,011190;-3,879520;0,042020;0,458820;10,313700;-0,242870;2,054760;2,939270;3,898550;0,363510;1,091590;6,886340;0,406358;1,528242;0,831444;1,442136
150018;-51,905070;-7,461220;0,881310;1,991600;5,765800;0,305190;1,201740;11,587320;2,032800;0,428480;1,336805;4,807860;0,440961;1,892244;1,705790;2,245083
150019;-50,025170;-6,518810;0,662310;1,724890;4,575000;0,448680;2,974380;3,464760;4,077000;0,538503;1,643603;4,949960;0,373393;1,392373;5,880713;1,944347
150020;-49,769600;-5,568100;0,179810;1,885950;6,876400;0,171350;0,376040;4,898030;2,102080;0,513432;1,228498;3,325320;0,390388;2,161423;4,108853;2,465162
150021;-49,493470;-7,128980;0,554390;1,053260;2,957200;0,643640;2,599340;1,156790;1,698160;0,528928;1,550268;4,047100;0,489822;2,007222;5,312165;1,945263
150022;-50,229200;-8,485160;0,333070;1,474790;4,120300;0,503480;3,285070;2,095630;2,019750;0,597173;1,483402;3,592360;0,535258;1,138632;3,498017;0,646417
160001;-51,980470;2,880240;0,200490;2,106030;6,704300;0,192090;1,102910;1,391890;2,027700;-0,003327;1,263287;7,596960;0,067673;0,156320;2,499847;2,430910
160002;-50,932470;1,571050;-0,162960;1,892250;7,599200;0,084240;-0,150330;2,641090;1,916040;0,084290;0,994875;8,282700;0,054325;0,623525;3,913075;2,365065
160003;-51,474960;1,160100;-0,031910;-0,116280;8,990700;-0,083440;0,144140;6,434260;2,702430;0,257622;1,674010;7,139680;0,035420;-0,325574;0,031278;1,833322
160004;-53,045070;0,619000;0,184890;2,013890;6,620300;0,202220;0,475150;-1,575810;2,674260;0,265328;0,969052;7,613760;0,082026;-0,530312;0,598698;1,148106
170001;-48,066470;-6,087220;0,443950;0,361020;1,710800;0,793840;2,142610;6,035040;0,618580;0,475112;1,330926;5,106000;0,384694;0,973504;2,137764;1,286036
170002;-48,430820;-7,373560;0,673120;1,863360;2,353500;0,716390;2,063490;3,792210;0,821370;0,382850;1,035412;4,529580;0,504448;1,945953;2,847255;1,240218
170003;-49,056520;-8,999710;0,433950;0,798990;2,310300;0,721590;1,473820;3,443280;1,238250;0,455346;1,831188;2,921240;0,637934;1,521564;2,420808;0,961418
170004;-49,667930;-11,252420;0,879850;2,507130;3,373700;0,593450;-1,053560;-0,605970;-1,669460;0,511551;1,230925;3,809300;0,608647;0,911531;1,140281;0,290332
170005;-48,949690;-12,027700;1,113420;2,507130;5,699100;0,313220;0,279770;0,420360;-0,609600;0,372173;1,377658;3,473340;0,522243;0,582500;1,368940;0,458033
170006;-48,149600;-9,977660;0,141400;1,534480;3,149700;0,620440;1,418230;3,105570;1,943060;0,528404;1,597244;4,159720;0,498724;0,757550;1,885180;0,370958
170007;-46,928590;-9,341080;0,249290;1,776180;2,025500;0,755910;1,894590;3,716600;1,692370;0,224200;1,138291;2,271480;0,482146;0,997110;2,233244;0,823806
170008;-47,284240;-12,205720;-0,034490;0,396790;7,390000;0,109450;1,193130;2,451630;1,203230;0,413017;1,440180;3,144220;0,652632;1,029953;1,683652;0,788400
210001;-44,848990;-2,167630;-0,065680;-0,814640;4,920800;0,407010;4,392830;-1,561730;3,827090;0,273875;0,292907;4,384500;0,394900;1,032987;-1,391908;1,208745
210002;-44,171340;-2,595190;0,253000;0,511760;9,316900;-0,122750;0,058410;-0,729490;1,425860;0,054180;-0,390070;3,504760;0,391135;1,234995;-2,135235;3,103655
210003;-44,053010;-2,816130;0,174040;0,034500;5,184300;0,375260;-1,922840;-2,708740;2,380220;0,158037;0,097833;3,904460;0,509075;1,768078;-1,130588;1,888030
210004;-42,959150;-2,658690;0,221250;0,136040;2,824300;0,659650;4,076130;0,000300;3,888310;0,116040;-0,002053;4,196480;0,572923;0,245867;-1,139560;1,929523
210005;-45,023520;-2,958990;0,398650;0,355530;2,757100;0,667750;1,136350;-0,900310;0,543540;0,174987;0,012227;4,817240;0,622672;1,361152;-1,728477;1,375975
210006;-44,109260;-3,605950;0,077500;-0,004970;1,837300;0,778600;-0,664740;-5,032950;-0,282550;0,320324;0,428502;4,015540;0,674200;0,338386;-0,578508;1,589582
210007;-46,287540;-2,740770;0,269810;0,269840;2,826900;0,659340;4,860030;-1,229090;0,485360;0,223877;0,196612;4,930220;0,397480;1,538487;0,546015;1,923343
210008;-46,047650;-3,595940;0,096950;-0,340800;2,110000;0,745740;1,237550;1,780520;1,113520;0,370774;0,380934;2,224560;0,685132;1,331026;-0,507096;0,696030
210009;-47,382790;-5,238470;0,685790;1,103830;1,793600;0,783860;-0,451640;0,205600;1,634370;0,189583;0,123858;5,892520;0,351485;1,903592;1,861520;1,062480
210010;-44,831860;-4,461680;0,497300;0,929430;1,907900;0,770080;0,264080;-1,618870;0,732210;0,273302;0,042443;1,693280;0,754063;0,639503;-0,244143;1,313880
210011;-45,620310;-5,802230;0,002320;-0,753960;3,778800;0,544630;0,846310;1,007190;0,084670;0,484183;0,839496;1,452900;0,639793;0,232400;0,177280;1,008061
210012;-44,222940;-5,323620;0,596260;0,579090;0,880100;0,893940;0,676700;0,785960;4,058090;0,290664;0,216302;7,206660;0,757244;0,289990;-0,669572;0,705436
210013;-42,529150;-3,120760;0,110580;-0,443940;2,661100;0,679320;1,050950;-2,150590;1,482420;0,295368;0,333353;3,001660;0,750217;1,813990;1,031320;1,938395
210014;-43,182870;-3,596150;0,063500;0,403280;2,786700;0,664190;1,609490;1,440650;1,925930;0,151953;-0,174831;8,093540;0,229181;0,616677;-0,513196;1,589879
210015;-43,925690;-4,405930;0,468130;0,419770;0,881900;0,893720;0,604850;0,894730;2,366010;0,149937;0,087255;7,430380;0,208260;0,262695;-0,919742;1,274393
210016;-43,304040;-4,369650;-0,398100;-1,360510;29,739900;-2,583840;0,023980;2,172560;0,523180;0,254650;0,126454;2,781380;0,669418;0,647468;0,303896;1,567592
210017;-43,439420;-5,192310;0,063160;-0,022790;2,268800;0,726590;-0,333340;-3,265800;0,689500;0,298970;0,060183;7,898480;0,182018;0,349875;0,666555;1,592255
210018;-44,388570;-6,367310;0,422410;0,509060;1,234800;0,851200;0,068050;-0,365110;-0,345210;0,355404;0,464881;1,704440;0,782237;0,160990;0,326599;0,419019
210019;-47,027670;-7,067460;0,282450;0,748230;11,549300;-0,391770;0,280290;0,636190;0,174200;0,447729;1,230916;1,746400;0,749754;0,955886;2,193254;0,726203
210020;-46,369370;-8,537130;0,271510;1,918350;1,426000;0,828150;0,644070;0,779470;0,542810;0,354292;1,335132;3,898860;0,530162;0,409542;1,540054;0,304794
210021;-45,349630;-7,409260;0,808120;2,347630;1,448100;0,825500;-0,448230;-0,183330;-0,310750;0,281580;0,622090;1,739940;0,593308;0,306860;0,779592;-0,096098
220001;-42,153010;-3,950670;0,410270;-0,004710;1,646700;0,801560;1,148410;3,232320;0,771560;0,176967;-0,041838;2,884880;0,124738;0,677117;0,452392;1,432565
220002;-41,583190;-3,484990;0,486450;0,798800;1,033400;0,875470;0,421930;-0,547990;1,167780;0,243808;0,086994;3,747600;0,535914;0,898720;1,588444;0,446726
220003;-42,578910;-5,047580;0,268190;-0,163280;6,132200;0,261030;0,207930;-0,782420;2,084960;0,208688;-0,099284;7,292220;0,114526;0,421042;1,202966;0,852372
220004;-41,621350;-5,155150;0,531180;0,514620;1,226000;0,852260;0,748420;2,582140;1,411120;0,455209;0,556817;2,108900;0,674620;0,088063;0,355840;0,488656
220005;-42,650930;-6,198000;0,436930;0,376970;1,858300;0,776060;0,517740;1,293610;0,866500;0,333553;0,245667;2,400300;0,751027;-0,128877;-0,495810;0,230141
220006;-41,588290;-6,239250;0,325830;-0,036680;1,368100;0,835130;-0,866300;-1,062770;-1,180430;0,511553;1,011850;2,127420;0,904232;-0,366828;-0,140827;1,035322
220007;-45,073010;-8,333820;0,478370;1,057060;0,879800;0,893980;-0,077350;1,255890;-0,346480;0,316320;1,316585;1,974300;0,763625;0,168510;1,058745;-0,034972
220008;-43,941040;-7,573130;0,232420;0,253800;1,380300;0,833660;0,079790;1,363920;-0,686580;0,303478;0,738178;1,291180;0,813613;-0,191043;0,486442;-0,571518
220009;-43,049490;-7,378340;0,348620;0,473430;1,034900;0,875280;-0,212040;1,284640;-1,768300;0,205635;0,109482;1,407800;0,847983;-0,114918;-0,360260;0,258113
220010;-44,755650;-9,273890;-0,046770;0,746560;3,591600;0,567190;0,398410;2,274920;0,314630;0,168755;0,760092;2,433820;0,542375;-0,090400;0,390999;0,335601
220011;-43,168770;-8,658490;-0,189880;-0,704670;1,090900;0,868530;-0,875100;-1,348360;-0,973000;0,148146;0,415866;4,690520;0,377060;-0,312618;0,694768;-0,484978
220012;-44,569010;-10,189690;-0,014110;-0,148670;1,936700;0,766620;-1,030520;-3,816840;4,355050;0,195136;0,830728;3,092640;0,189808;-0,312614;0,962380;-0,530540
220013;-41,910890;-6,977480;0,375480;0,445310;1,197500;0,855700;-0,514860;-1,861350;0,719350;0,221204;0,151094;1,058280;0,872466;-0,083050;-0,214714;0,411012
220014;-40,844170;-6,888330;0,038190;0,165330;0,223100;0,973110;0,110480;-1,344780;2,169670;0,326498;0,636730;0,879580;0,870804;-0,500952;-1,050764;0,932944
220015;-41,597920;-7,873010;-0,043550;-0,223580;0,807000;0,902750;0,034870;-1,244270;1,967620;0,252692;0,550316;2,440620;0,497459;-0,395271;-0,660818;-0,054184
230001;-40,951270;-3,160610;-0,240340;-0,489310;7,004600;0,155900;1,067670;2,823340;-0,602200;0,566128;1,297072;1,974960;0,760948;0,526070;0,417444;-0,344150
230002;-41,055620;-3,901450;0,407350;0,858310;6,717200;0,190530;0,478150;1,455010;-0,829270;0,417238;0,857288;0,882080;0,765637;0,436115;0,935493;-0,015812
230003;-40,685350;-3,537580;0,459190;1,250930;0,708400;0,914640;0,670600;1,553450;0,925810;0,383863;0,868003;3,234200;0,543955;0,528325;0,477965;-1,125765
230004;-40,486320;-3,583220;0,673040;1,289700;0,972000;0,882870;-0,233640;-2,536230;-0,709600;0,577295;1,532120;3,225360;0,930580;0,735860;0,861595;-0,718090
230005;-40,249390;-3,651000;0,695400;1,813310;0,443800;0,946520;0,801120;0,169740;-2,361990;0,710179;1,468106;3,093340;0,753680;-0,504643;-0,630021;-0,138541
230006;-40,741360;-4,472770;0,571550;1,255380;1,252800;0,849030;-1,093050;-0,967720;-0,635390;0,775997;1,871462;1,668440;0,777960;-0,323240;-1,299000;-0,108433
230007;-40,141990;-4,371640;1,149800;2,745920;0,064500;0,992230;-1,280810;-5,723870;2,218040;0,922272;1,983266;0,676300;0,951254;-0,583520;-0,771520;-0,438218
230008;-39,578430;-3,322400;0,782250;1,764010;1,015900;0,877580;0,258550;-0,542990;-0,623080;0,488000;1,008590;2,553980;0,452462;0,448155;0,446592;-2,157533
230009;-39,062720;-3,527970;0,252850;0,274000;8,734000;-0,052500;1,393960;-1,824470;-2,341030;0,660233;1,095883;1,777800;0,756650;-0,692153;-0,766153;0,435647
230010;-39,492500;-3,643120;1,244090;2,436360;1,992200;0,759930;-1,470130;0,617760;-3,324910;0,712440;1,480027;2,181320;0,916143;-0,530480;-0,559710;-0,136530
230011;-39,336650;-3,847430;0,659670;0,862760;0,627900;0,924330;-2,651110;-1,305880;2,575480;0,825262;1,578310;3,248300;0,622350;0,049678;-0,631928;-1,810736
230012;-39,371520;-4,397500;1,395190;2,707000;0,085000;0,989760;-0,792660;-1,673080;-0,380290;0,805192;1,610005;1,103520;0,831622;-0,770045;-1,558367;0,230627
230013;-38,831850;-4,406670;0,689720;1,504830;2,736700;0,670210;-1,263980;-1,750940;-1,049400;0,725984;1,426024;1,261260;0,848014;-0,234606;-1,530582;-0,121042
230014;-38,527640;-4,452320;0,008090;0,336980;0,872000;0,894920;-0,958440;-1,770550;-0,404380;0,599412;1,373760;2,792180;0,767602;-0,069470;-1,591570;-0,689828
230015;-38,125940;-4,314630;-0,192810;-0,084140;3,964600;0,522250;2,331790;-1,390890;-1,071340;0,442566;0,921422;1,851620;0,776872;0,028380;-1,138278;-0,859036
230016;-38,617950;-3,866920;0,538780;0,660880;4,414400;0,468040;0,316100;-0,449590;-0,645460;0,565783;1,102897;3,429180;0,658833;-0,029740;-1,902548;-0,348125
230017;-38,495030;-4,142890;0,590080;1,352930;0,838600;0,898950;0,803560;-3,470030;0,177830;0,260945;0,604637;2,622840;0,638855;0,106367;-1,340493;-0,792645
230018;-40,443100;-5,308500;0,851440;2,068310;0,144700;0,982560;-1,291420;-1,096880;0,539490;0,753543;1,533693;0,574960;0,925301;-0,685044;-0,802439;0,696327
230019;-39,296200;-5,106780;1,097780;2,072330;0,096300;0,988400;-0,541590;-0,289660;0,647090;0,744495;1,873589;0,885540;0,899929;-1,078646;-1,810766;-0,112598
230020;-40,288750;-6,113500;0,836100;2,500560;0,118700;0,985700;-1,771330;-0,417700;0,505800;0,472045;0,984950;0,579380;0,914337;-0,203238;-0,675812;1,372572
230021;-39,458990;-5,843160;0,762560;1,683720;0,212800;0,974360;0,009350;0,262510;1,908060;0,773757;1,957208;0,420060;0,954910;-1,146697;-1,268947;0,045265
230022;-37,622690;-4,654050;0,263590;0,233470;1,126500;0,864250;1,657810;1,055110;-1,269850;0,693843;1,881793;1,667020;0,733907;0,239297;-1,017643;-1,435983
230023;-38,156140;-5,087010;0,812290;2,022850;2,006600;0,758200;-1,677130;-1,056330;-2,153320;0,471164;1,465240;1,409700;0,874686;-0,042891;-0,761726;-0,934837
230024;-38,707000;-5,706100;0,286870;1,919100;0,521200;0,937190;-1,374080;-1,676990;-1,578980;0,779694;1,734010;1,102900;0,912050;-1,337968;-1,841152;-0,363664
230025;-38,318280;-5,898070;0,371110;1,239180;0,416600;0,949800;-2,373110;-4,135050;-0,232080;0,456960;2,058808;1,175040;0,837687;-0,321020;-0,838623;-1,385657
230026;-38,993290;-6,361450;0,854730;1,651970;0,917000;0,889490;-2,107360;-3,987230;-1,988070;0,414367;1,845483;1,593840;0,851449;-0,322749;-1,374790;0,574730
230027;-39,630190;-6,614890;0,715620;1,530980;0,447100;0,946120;0,205600;-0,145220;2,146260;0,642932;1,575535;1,541640;0,908872;-0,469723;-0,917253;0,735763
230028;-38,896030;-6,747090;0,752720;1,885040;0,626100;0,924550;-0,178590;-0,793550;0,131710;0,486890;1,559682;1,848560;0,848262;-0,307840;-1,632010;0,462166
230029;-40,052810;-7,066080;0,138630;0,498040;1,869200;0,774740;0,612860;-0,667730;2,652380;0,400406;0,903324;1,176620;0,877847;-0,147841;-0,274236;1,526054
230030;-39,447420;-6,974530;0,512850;1,233880;0,793400;0,904390;0,616730;0,100180;1,204700;0,440694;1,024128;1,674060;0,798264;0,122796;0,052198;1,680786
230031;-38,848750;-7,237270;0,225530;0,715080;1,127100;0,864180;0,229570;-0,109890;0,643130;0,348622;1,490812;2,115220;0,771650;-0,038020;-0,787722;0,887777
230032;-39,467420;-7,364280;0,370970;0,491500;4,300800;0,481730;-0,255460;1,977380;2,830450;0,312763;0,754468;1,056660;0,857178;0,277413;0,097740;0,785932
230033;-38,934940;-7,469820;0,376840;0,549750;0,919000;0,889250;0,676530;0,872590;2,063810;0,282190;0,704013;1,987400;0,701763;-0,173773;1,034673;0,589090
240001;-37,333820;-5,162600;1,462050;3,706670;0,653300;0,921270;0,063230;-0,605710;-1,083290;0,677622;2,421410;2,129320;0,704490;0,443086;0,465976;-1,931528
240002;-37,691320;-5,601330;0,472630;2,298330;0,668800;0,919410;0,851260;2,719930;-2,485870;0,685352;2,643102;0,868620;0,894322;-0,202312;-1,586093;-1,266805
240003;-37,293070;-5,815360;0,722370;4,457220;0,894200;0,892240;0,588510;0,812530;-1,196940;0,710372;2,991660;2,787500;0,726558;0,620524;-0,948908;-1,767322
240004;-36,846530;-5,599840;1,117230;3,095180;7,565200;0,088350;0,794980;-1,201360;-2,551660;0,475884;2,470671;0,902300;0,836493;0,419596;0,141304;-1,617136
240005;-38,413790;-6,255930;-0,114030;1,993860;3,394100;0,590990;1,935330;0,882660;1,343330;0,445208;2,006098;1,088000;0,851815;-1,129588;-3,513488;-0,841592
240006;-38,097400;-6,124550;0,429270;2,466740;0,574000;0,930840;0,445860;-1,913780;-1,451030;0,247166;2,372007;3,562660;0,629990;0,010834;-1,993969;-0,654846
240007;-37,805970;-6,117670;0,315020;1,965950;0,717100;0,913580;1,738770;-2,618220;-1,484170;0,452300;3,278615;3,084500;0,883167;0,385002;-0,355125;-1,591365
240008;-36,326400;-5,220430;0,464070;1,473470;0,391900;0,952780;1,356220;2,853420;-3,240270;0,457580;1,611718;2,616640;0,515460;0,922680;2,011710;-1,122893
240009;-36,385350;-5,567300;0,169510;1,262540;0,894700;0,892180;0,756350;2,690340;-0,672840;0,271205;1,276443;2,861120;0,651322;0,385202;1,332337;-1,472212
240010;-36,592070;-6,007650;0,031060;1,016790;1,677400;0,797860;-0,225650;1,343750;-0,118590;0,319790;1,469604;3,004160;0,637980;0,250446;-1,146660;-2,038488
240011;-37,173460;-6,488150;0,297200;1,485840;3,245200;0,608940;0,744130;-3,066020;-3,776400;0,497344;2,189044;0,790780;0,589479;-0,444036;-2,768097;-1,739747
240012;-36,630190;-6,536180;0,483820;1,418910;0,937200;0,887060;-0,769600;-3,579820;-4,090710;-0,004490;0,820902;1,259500;0,809138;-0,237602;-1,684344;-0,437268
240013;-35,953820;-5,471760;0,072300;0,844120;2,292600;0,723730;1,632450;5,467700;-1,698660;0,379060;1,281148;3,424440;0,708595;0,411588;1,685218;-1,401195
240014;-35,967760;-6,146490;-0,468810;0,085550;2,378500;0,713370;-0,273630;-0,576440;0,899170;0,292434;1,268559;1,529580;0,845747;-0,182593;1,242699;-0,828659
240015;-35,616990;-6,120200;0,411380;1,143550;3,055100;0,631840;-0,973160;0,106950;-2,123260;0,244178;0,988482;9,145700;0,057476;-0,007348;1,134144;-0,855504
240016;-35,602970;-5,387920;0,471280;1,245030;5,331000;0,357580;0,506940;1,090160;0,431590;0,329720;1,031448;4,269480;0,582278;0,594235;2,117045;-2,105680
240017;-35,338860;-5,830820;0,371130;0,664650;8,126100;0,020760;0,361430;0,040110;-1,360530;0,464240;1,279370;8,927740;-0,275742;0,652925;0,197593;-0,956483
240018;-35,241240;-5,797270;0,708290;1,994030;6,978900;0,159000;4,193580;-1,465390;0,420390;0,371130;0,664650;9,157180;0,020760;0,361430;0,040110;-1,360530
240019;-35,160540;-6,345830;0,266010;0,734870;26,981100;-2,251390;-1,115660;1,058650;-2,554650;0,380263;0,902013;8,256920;-0,176503;-0,831053;-0,960873;-1,900377
250001;-37,593860;-6,348870;0,184930;3,892170;1,741200;0,790180;-0,345620;-3,039180;-1,231620;0,542645;2,669832;3,394960;0,507132;0,510867;-1,956147;-1,876420
250002;-38,524860;-6,863300;0,125720;2,666500;3,011200;0,637130;-0,483740;-4,017890;0,304810;0,266725;1,894748;3,521720;0,654039;-0,359440;-1,368671;-0,794113
250003;-37,934250;-6,732570;0,374780;2,548060;11,544300;-0,391160;-1,247050;-3,750030;-0,798320;0,319623;2,528958;1,821840;0,763500;-0,206098;-2,164392;-1,866535
250004;-37,246460;-7,007250;1,222450;2,883470;0,138300;0,983340;-0,247530;-2,536970;-2,020140;-0,068627;1,583510;3,747600;0,481550;-0,664810;-2,215750;-2,594140
250005;-37,936060;-7,230820;-0,341830;1,779030;3,065700;0,630570;-1,349690;1,587490;-3,024830;0,393496;2,629498;3,151200;0,589012;-0,489898;-3,474284;-1,488906
250006;-38,375720;-7,457810;-0,047370;2,118200;1,719000;0,792850;-0,603590;-2,865040;-1,208820;0,053140;1,582562;1,493240;0,767923;-0,245112;-0,722115;-1,909210
250007;-37,666530;-7,504350;0,291900;2,931260;0,639800;0,922900;0,132420;-4,201490;-3,722060;-0,100050;1,513376;3,636380;0,669494;-0,581100;0,021332;-2,615966
250008;-36,950390;-6,927770;0,067140;0,468730;0,243000;0,970720;-1,067780;-6,613070;-1,367190;0,190696;1,424792;2,354300;0,716294;-0,367794;-1,188826;-2,117324
250009;-36,460540;-6,722710;0,050960;1,047600;0,375100;0,954800;-0,365080;0,490060;2,176670;-0,221182;0,828917;1,318400;0,624002;-0,598560;-1,477797;-1,702923
250010;-36,946560;-7,646990;-1,100950;0,288140;7,075700;0,147330;-1,200890;2,748620;-2,876040;0,086072;1,278428;2,013060;0,723754;-0,278261;-1,859805;-1,396291
250011;-36,266190;-7,527460;-0,715550;1,687760;7,329600;0,116730;-0,248570;-1,418480;-1,433220;0,165247;0,655611;3,462300;0,682494;0,179796;-0,734124;0,225193
250012;-36,112780;-6,832200;0,407260;1,024410;0,756800;0,908800;-0,030890;0,572410;-1,349550;0,121140;1,200387;3,231500;0,554719;0,766796;0,182481;-0,387813
250013;-35,674130;-6,642750;0,493050;1,966110;1,263900;0,847690;0,329880;7,075200;0,377670;0,326046;1,040056;7,501980;0,475062;-0,168014;-0,512718;-0,862968
250014;-35,889390;-7,038490;0,227780;0,716060;2,276500;0,725670;0,645400;-3,277850;-1,844230;0,555937;1,308013;3,222640;0,477857;1,749560;-0,147570;-1,413433
250015;-35,648620;-6,874840;0,815550;1,751140;10,573500;-0,274170;0,820070;0,942230;-0,837250;0,366783;1,015885;2,232860;0,742262;0,857645;-0,188918;-1,561753
250016;-35,428920;-6,782220;0,464850;1,195630;5,016600;0,395470;-0,382460;-3,608740;-0,903950;0,448152;1,111743;9,979200;-0,063490;-0,230008;0,542642;-1,632458
250017;-35,995310;-7,309150;0,445000;1,148490;1,668500;0,798940;4,459500;-1,957350;-2,053500;0,234725;1,104142;3,428860;0,443303;0,112747;-1,249555;-1,260740
250018;-35,500220;-7,258270;0,162760;0,044610;1,850500;0,777000;0,124440;0,062820;-3,596960;0,503777;1,165020;11,935860;-0,299375;0,473563;-2,194135;-1,049772
250019;-35,743100;-7,621720;0,510550;1,400870;4,930900;0,405790;-0,633970;-4,378460;1,496770;0,280685;0,812523;3,341500;0,174260;0,353527;-0,924768;-0,884805
250020;-35,150720;-6,721060;0,358280;0,897840;18,107900;-1,182110;-1,881430;-3,029680;-2,217340;0,382206;1,013362;12,387060;-0,800328;-0,255340;-1,636698;-1,771126
250021;-35,247470;-7,169320;0,447890;0,867210;18,100200;-1,181190;0,200150;-1,901670;-1,397610;0,348027;0,894387;11,494420;-0,795793;-0,731610;-3,055228;-2,260272
250022;-34,969440;-7,123860;0,320900;1,125550;21,545600;-1,596370;0,994430;-3,838680;-1,876160;0,416240;1,080320;16,190140;-1,196987;-1,101337;-3,529207;-1,993027
250023;-35,014900;-7,387280;0,442550;1,475910;18,485900;-1,227660;-1,622730;-5,656270;-2,364130;0,369203;0,873180;21,953040;-1,572883;-0,142443;-2,667057;-1,958953
260001;-40,049530;-7,909380;0,372660;0,624600;0,405500;0,951130;0,024220;-0,845240;-0,142120;0,280790;0,748558;3,496300;0,578672;-0,109354;0,200712;0,980990
260002;-39,364760;-8,000840;0,250070;0,905460;1,996700;0,759380;-0,495430;1,236530;-1,706310;0,265924;1,064170;1,509160;0,554280;-0,061636;0,240479;-0,315170
260003;-37,804970;-7,857410;-0,232550;0,498040;1,714600;0,793380;0,496200;1,172560;-3,950000;-0,091338;1,379403;3,496600;0,503143;-0,531347;-0,190440;-1,801775
260004;-37,541860;-8,446400;-0,274770;0,937630;4,982800;0,399540;-0,694850;0,269290;-0,337100;-0,242858;0,033633;2,882660;0,497615;-0,167588;1,033445;-0,853333
260005;-40,210430;-8,766160;0,687830;2,071370;8,507800;-0,025240;-0,443610;-0,298350;-0,839190;0,345497;0,915032;1,685800;0,250667;-0,545315;-0,201290;-0,903082
260006;-38,529730;-8,780550;0,333090;1,095730;8,324400;-0,003140;-0,325740;1,669450;-0,960320;0,180056;0,870413;3,232240;0,545800;0,073453;1,312339;1,969530
260007;-37,105790;-8,852930;-0,588800;-0,894330;2,788200;0,664010;-0,267560;-0,285350;-2,319440;0,059500;0,041580;2,858520;0,698258;-0,021002;-0,040236;3,137864
260008;-36,192960;-8,349020;0,279000;-0,227070;2,915900;0,648620;-0,230900;-2,040340;-0,517290;0,000118;0,498534;12,263420;-0,139338;-0,747663;-0,379544;-0,645594
260009;-36,038250;-7,856510;0,564910;-0,093160;0,720500;0,913180;-0,739200;-0,573810;4,699290;0,240542;1,080555;4,396660;0,387985;-0,241635;-1,809563;-0,193773
260010;-35,570420;-7,808970;0,888170;1,460660;5,138400;0,380800;0,146900;0,599030;-0,321350;0,428766;0,433654;9,607160;-0,183398;-0,907378;-2,210894;-0,020990
260011;-36,550140;-8,971110;0,328010;0,744150;2,254600;0,728310;0,014110;0,670670;1,942150;0,096321;-0,002646;9,227440;-0,589191;-0,536686;-1,497313;0,442686
260012;-35,909120;-8,497150;0,265950;0,108700;12,393400;-0,493480;-0,423920;-0,110400;-0,672720;0,263557;0,267340;18,846900;-0,643127;-0,989510;-1,754547;-0,177340
260013;-35,160540;-7,676000;0,338820;0,626780;24,406200;-1,941090;-1,621910;-2,260820;-2,603090;0,377428;0,669871;21,634520;-1,219292;-0,712687;-2,754086;-1,855600
260014;-35,338080;-8,128840;0,450550;0,460850;16,127700;-0,943490;-1,310910;-1,801040;-3,180630;0,303222;0,389058;30,877980;-1,996147;-1,024490;-2,441602;-1,482403
260015;-35,583710;-8,579460;0,183660;0,284940;35,735200;-3,306310;-2,751740;-3,893970;-1,956880;0,259868;0,426639;28,292960;-1,715244;-0,878319;-1,935091;-1,016345
260016;-34,980610;-7,791570;0,050380;-0,183760;43,862700;-4,285720;-2,946170;-5,487500;-3,939030;0,202695;0,229700;28,000480;-2,810480;-0,640560;-2,865210;-2,072475
260017;-35,023220;-8,018760;0,066570;-0,167380;38,835100;-3,679870;0,340790;-3,469600;-1,541860;0,225715;0,315072;26,336500;-2,812333;-1,977268;-3,283317;-2,919175
260018;-35,094690;-8,394280;0,063110;0,356420;42,147500;-4,079030;-2,030080;-3,583910;-1,953950;0,233593;0,192803;31,793380;-2,643223;-1,240620;-3,054870;-2,226457
260019;-32,433820;-3,855430;1,459350;0,000000;9,941940;0,897040;0,000000;0,000000;0,000000;0,000000;0,000000;9,941940;0,000000;0,000000;0,000000;0,000000
270001;-37,778460;-9,130210;-0,146940;-0,558710;2,195000;0,735490;0,523360;2,935730;5,503090;-0,070446;0,086234;1,675980;0,602066;0,153862;1,061262;4,584586
270002;-37,937350;-9,464260;0,066050;-0,019760;0,244000;0,970590;1,774190;5,689450;17,441320;0,245992;0,614964;2,163580;0,561152;-0,035586;-0,040316;3,029288
270003;-37,325460;-9,439150;0,112200;-0,688100;0,171500;0,979330;0,283270;-2,036530;9,098470;-0,053384;-0,000310;1,199880;0,773814;0,334640;0,918966;4,494870
270004;-37,101930;-9,652850;-0,269250;-0,905130;0,193400;0,976690;0,150190;-1,859550;4,072320;0,164240;0,260716;2,216400;0,732912;0,291720;-1,363454;3,485488
270005;-36,610570;-9,433320;0,216330;0,664570;4,688700;0,434990;0,161320;0,233200;0,994350;0,176106;0,241771;15,694460;-1,020700;-0,322129;-2,168556;1,756364
270006;-36,655780;-9,801230;0,399240;0,357560;4,868100;0,413360;0,522710;-3,109570;0,325960;0,110762;0,257216;12,938640;-0,559182;-0,247180;-1,455684;1,467468
270007;-36,923960;-9,934610;0,072520;0,002510;0,578800;0,930260;0,504430;-0,952980;3,178360;0,151022;0,353738;9,283820;0,053994;0,123916;-0,581890;1,610390
270008;-36,116530;-9,189520;0,205910;0,732770;33,620700;-3,051500;-0,527270;-2,347800;-1,527690;0,239080;0,576520;18,830760;-1,452710;-0,983178;-1,565978;0,044073
270009;-35,763960;-9,215320;0,228320;0,612420;38,735200;-3,667830;-1,356400;-3,273810;-0,803330;0,216615;0,689545;29,978440;-2,609620;-0,815363;-2,248902;-0,840135
270010;-35,365240;-9,103900;0,258090;0,624870;32,061000;-2,863550;-1,161180;-2,994100;-1,417300;0,206457;0,629583;33,018640;-3,440743;-1,126647;-2,811740;-1,026723
270011;-35,822430;-9,588700;0,207390;0,991390;36,081900;-3,348090;0,728200;-1,267440;-0,319960;0,238240;0,692007;29,328220;-3,351547;-1,286363;-3,163737;-1,011320
270012;-36,223620;-9,933350;0,228310;0,838730;37,535500;-3,523260;-1,341510;-3,223300;-0,813330;0,271436;0,662268;15,810740;-1,556432;-0,130900;-1,778682;0,020532
270013;-36,559560;-10,231550;0,305900;0,685400;21,696800;-1,614590;-0,710330;-1,475790;-0,094360;0,249595;0,465655;15,955660;-0,647938;0,088943;-0,699750;0,652180
280001;-37,500470;-9,949240;0,020910;0,967040;0,774900;0,906620;-0,013130;-0,951390;3,830300;0,047078;0,476647;2,557160;0,576057;0,555747;0,676658;4,370841
280002;-37,589080;-10,453710;-0,554040;1,032920;3,137200;0,621950;0,991330;0,485050;4,603870;0,046331;0,730937;12,164740;0,333020;0,983587;0,899014;2,569716
280003;-37,158930;-10,394220;0,040780;0,416810;7,942600;0,042870;0,805020;-0,023410;-0,116210;0,041473;0,717433;21,034260;-0,556953;0,466330;1,094822;2,006527
280004;-37,446110;-10,710600;0,182040;0,572620;11,307600;-0,362630;2,272480;2,107590;4,671250;-0,062862;0,290037;17,643780;-0,811532;0,510645;0,725630;0,573317
280005;-37,961100;-10,969870;-0,017540;0,429360;2,049300;0,753040;1,116610;2,017660;2,693620;-0,177395;0,310103;8,219600;-0,034625;1,118795;0,477210;2,477965
280006;-37,714620;-10,937010;-0,232430;-0,815340;15,293400;-0,842940;0,816410;0,553780;0,727440;-0,162550;0,265654;7,743860;0,066816;1,255696;0,985814;2,702798
280007;-36,770690;-10,278410;0,298310;0,663820;11,718200;-0,412110;0,670140;4,486850;-0,082270;0,111822;0,470558;16,160220;-0,351372;-0,037818;-0,965080;1,364396
280008;-37,117280;-10,537680;0,182620;0,787170;25,505200;-2,073530;-0,347760;1,862660;-1,007880;0,110923;0,325100;17,722200;-1,286315;0,612947;0,555075;1,033028
280009;-36,748370;-10,502930;0,119000;0,281030;25,077700;-2,022020;-0,775080;-1,421830;0,023890;0,145136;0,265538;19,685080;-1,155828;1,432488;2,402838;-0,166920
280010;-37,094540;-10,749010;0,101870;0,029940;31,562600;-2,803480;0,149370;1,557950;-0,446820;0,146440;0,267693;16,510720;-1,247768;1,758828;1,669640;1,126460
280011;-37,096670;-10,945160;0,102100;-0,570050;12,720500;-0,532890;5,885670;4,130140;0,818580;0,101633;0,199897;20,041680;-1,546520;0,007930;0,017957;-0,247810
280012;-37,710420;-11,264600;-0,507240;-0,995350;15,469900;-0,864220;1,248560;0,401020;1,865750;0,120138;0,530773;8,900520;0,097312;1,061098;0,856323;2,241365
280013;-37,426870;-11,187290;0,084030;0,288720;6,755300;0,185940;0,649500;-0,082250;-0,320500;-0,015994;-0,139590;11,368140;-0,544454;2,257994;1,538510;2,731222
290001;-45,386030;-11,727220;0,072430;1,099570;2,607900;0,685730;0,505440;1,382680;0,352900;0,161124;0,666999;4,002060;0,585826;0,516210;1,119740;0,975630
290002;-44,163190;-11,659310;-0,016950;0,346920;5,901100;0,288890;0,211360;1,266610;-0,143400;0,385324;0,948720;2,566980;0,719712;-0,505130;-0,765532;0,409396
290003;-44,909720;-13,950780;0,355080;0,814440;2,386400;0,712430;-0,855280;0,933130;-1,455780;0,340522;1,015270;2,677580;0,596267;0,197442;0,125863;0,095185
290004;-41,582370;-9,712420;0,250010;0,829120;19,032900;-1,293580;-1,864120;-0,205370;-2,252260;0,321550;0,942063;2,801480;0,653527;-0,790213;-1,016662;-0,396331
290005;-38,773560;-9,133540;0,910700;2,258860;6,742700;0,187460;-0,645690;-1,818840;-2,325100;0,186690;1,242877;2,373740;0,306377;-0,025393;1,398151;3,013796
290006;-42,921330;-11,431680;0,716960;1,131470;2,482800;0,700810;-0,814160;0,093060;-0,924570;0,308355;0,783070;5,977740;0,355203;-0,895610;-1,231900;0,018093
290007;-43,676370;-13,268610;0,796260;1,846790;2,215900;0,732970;-0,331130;-2,419690;-0,280620;0,390657;0,764872;3,614760;0,592210;-0,534415;0,382753;-0,615445
290008;-40,565990;-10,390450;0,417150;1,440070;1,918400;0,768820;-0,583440;-0,462400;-0,537230;0,281353;1,221500;5,539920;0,068500;-1,238343;-0,351157;-1,594270
290009;-42,080730;-11,592220;0,504670;0,955900;0,391900;0,952780;-2,882190;-3,714100;-2,867300;0,445590;0,943414;2,585040;0,303654;-0,995500;-0,053932;-1,311488
290010;-40,712350;-11,291960;0,391540;0,606630;1,683300;0,797160;-2,076730;-2,611490;-2,940460;0,324273;1,112404;1,858740;0,459547;-0,875393;-0,534446;-1,457451
290011;-40,497710;-12,286910;0,439880;1,027040;3,065400;0,630610;-0,595170;0,707500;-2,113490;0,230310;0,701310;3,722820;0,551380;-0,444132;-1,353682;-1,203942
290012;-39,324830;-12,348480;-0,073750;0,949360;7,116300;0,142450;0,538250;-3,242500;-1,440140;0,119607;0,211802;13,559680;-0,422118;0,078422;-0,233837;-0,065235
290013;-38,422190;-10,061190;-0,253570;1,527890;0,933800;0,887470;0,468840;2,119880;3,466810;0,232842;1,701150;2,268200;0,672932;0,395442;-0,010560;1,846756
290014;-39,249720;-10,524240;0,202510;2,228750;2,473600;0,701920;0,225820;1,763390;0,409910;0,316637;1,243601;1,357620;0,445711;-0,423640;-0,756503;-0,425427
290015;-38,275380;-10,924130;0,584130;2,018180;0,442200;0,946710;1,418880;0,468990;2,714800;-0,200467;0,729520;9,451480;0,293478;0,891583;1,411123;2,516617
290016;-39,287580;-11,512000;-0,083500;0,024460;1,444400;0,825940;0,316780;-2,786290;-1,104550;0,177452;0,993066;4,842280;0,386570;-0,121898;-0,340672;-0,804888
290017;-38,223690;-11,821470;-0,072920;0,153550;11,113900;-0,339290;1,298340;1,679740;2,059740;0,053702;0,393930;13,629220;-0,372652;0,615565;-1,106625;0,686393
290018;-37,807110;-11,907540;0,375560;1,110170;9,290700;-0,119590;1,066850;0,500020;5,573090;-0,117280;-0,324080;10,136360;-1,046193;0,575117;0,004380;0,028600
290019;-38,370430;-12,398570;0,027010;-0,743240;34,580900;-3,167200;-0,895930;-1,980990;-3,490590;0,114308;0,484408;11,245720;-0,355176;0,900502;-0,217762;2,337412
290020;-39,072180;-12,808550;0,029100;0,164390;15,300300;-0,843780;0,600040;0,061300;3,054800;0,210234;0,478932;12,703900;-0,530894;0,395672;-0,094128;-0,113272
290021;-38,419040;-12,809340;0,313550;0,044570;13,407400;-0,615670;0,999030;-0,087370;2,439570;0,028055;-0,289425;15,480420;-2,005490;-0,147945;-0,959845;-0,217895
290022;-42,580540;-12,644480;0,330250;0,868360;2,626100;0,683540;0,522940;1,497990;1,297090;0,473020;0,966960;2,862380;0,662817;-0,890282;-1,122898;-1,122127
290023;-41,503970;-12,932220;0,539190;1,281490;3,067600;0,630340;-0,745430;0,956150;-1,737240;0,300652;0,597764;3,058560;0,573163;-0,641883;-0,979293;-0,769155
290024;-40,177290;-13,573680;0,378070;0,644610;5,302500;0,361010;-0,253530;0,915720;1,202680;0,325446;0,970021;6,121440;0,316000;0,048566;0,103864;-0,615184
290025;-42,012860;-13,575090;-0,014370;0,416530;6,153700;0,258440;1,066560;-1,800330;1,153230;0,316983;0,485938;2,688360;0,661803;-0,461725;0,325598;-0,744460
290026;-42,933360;-14,220320;0,295410;0,169580;2,476500;0,701560;-1,635340;0,147520;-2,076260;0,484094;0,941766;3,938600;0,539491;0,033841;-0,983579;0,112793
290027;-41,633860;-14,530800;0,103080;-0,375680;3,055700;0,631770;0,010930;-1,299270;-0,461430;0,264390;0,563088;4,844060;0,416262;-0,416150;-0,433944;-0,662080
290028;-40,580010;-14,686230;0,272100;0,638720;6,057900;0,269990;-0,927870;-1,530360;-1,423560;0,389600;0,665065;4,105440;0,487552;0,099175;-0,017322;-0,337290
290029;-40,443740;-15,477610;0,422330;0,901060;5,611700;0,323760;1,542150;-0,584290;-0,432400;0,356127;0,704382;6,822720;0,185017;0,559975;0,426307;0,647138
290030;-39,233040;-13,740300;0,406290;1,499360;3,112400;0,624940;1,590540;3,924500;0,722120;0,357493;0,679597;8,627860;0,091560;0,075370;0,275827;0,962900
290031;-39,429310;-14,795480;0,665310;1,229790;2,012800;0,757450;-0,120400;-0,149540;-1,368780;0,352840;0,904730;7,076960;0,122550;0,450884;0,293830;0,019726
290032;-39,785530;-17,158810;0,285410;0,839900;16,322400;-0,966950;0,303130;-1,256420;0,029790;0,399768;0,646192;13,673060;-0,232358;0,769294;0,586246;0,175500
310001;-46,505330;-15,843010;0,130890;0,787600;2,549900;0,692720;0,426490;0,987670;0,189410;0,340209;0,840177;3,412000;0,588947;0,098039;0,022009;-0,001891
310002;-46,359930;-17,596060;0,299690;0,743910;3,615600;0,564300;0,303490;0,164070;-0,082180;0,185657;0,601370;3,403840;0,394773;0,619009;0,940334;0,290747
310003;-44,706470;-15,307880;0,663190;1,258460;4,431100;0,466030;-0,636010;-1,641790;-0,389750;0,522541;1,104297;3,199460;0,638073;-0,361124;-0,057864;-0,916516
310004;-43,293510;-15,468730;1,280630;2,268780;1,803100;0,782710;-0,557730;-1,279260;-1,302400;0,363630;0,653490;4,664180;0,437938;-0,234670;-0,255054;-0,082748
310005;-42,073830;-15,739570;0,229620;0,309120;6,464600;0,220980;0,161330;0,057300;0,773430;0,352088;0,521460;3,908860;0,483789;0,449959;-0,926335;0,324773
310006;-45,272820;-17,083960;0,272080;0,615470;4,425600;0,466690;1,013320;0,701430;0,047360;0,281451;0,543843;8,089240;-0,026247;0,205969;-0,451009;-0,426101
310007;-44,126040;-16,321250;0,527440;1,227420;5,166300;0,377430;-0,588200;0,524150;-1,537320;0,415906;0,732660;7,488800;0,097554;0,257380;-1,251542;0,124448
310008;-42,983130;-16,678430;0,102490;0,302870;4,782400;0,423690;1,524870;-0,362450;2,816160;0,296103;0,375328;8,630520;0,097095;0,555303;-0,464532;0,391168
310009;-43,771040;-17,387930;-0,238860;-0,782280;22,001800;-1,651350;-0,057550;-3,675640;-0,549130;0,097462;0,049425;7,266980;0,181353;1,569797;1,342205;1,067470
310010;-43,597580;-18,047890;-0,419670;-1,387200;15,060000;-0,814820;3,633380;5,538710;3,263000;0,098704;-0,233938;8,856640;-0,156164;1,362964;0,303174;0,924944
310011;-42,608460;-17,411750;-0,087910;-0,313800;4,213600;0,492240;2,978620;2,792610;2,304230;0,133804;-0,051130;8,117520;-0,006349;1,093094;-0,181970;1,609840
310012;-41,883540;-16,993040;0,065700;-0,457270;5,306300;0,360560;1,395350;-1,206350;2,658200;0,207622;0,311230;8,136120;0,404102;1,241218;1,542305;2,166780
310013;-41,421770;-16,232950;0,274960;0,723620;5,176000;0,376270;2,247310;-1,296220;2,819870;0,281752;0,309512;8,789380;0,339415;1,198795;1,249935;1,512828
310014;-40,664170;-16,349010;0,409360;0,485140;4,544500;0,452360;1,696350;6,733080;3,052080;0,277945;0,375187;10,887240;-0,183468;0,825062;-0,881723;0,951355
310015;-41,573250;-17,767330;0,317210;0,360430;4,488800;0,459070;-1,161170;1,329510;1,234910;0,259666;0,097231;6,791100;0,296215;1,976081;1,352604;1,991660
310016;-40,694250;-17,403910;0,302060;-0,116620;22,019800;-1,653520;0,623600;-2,276570;-0,602240;0,299414;0,463486;9,269980;-0,117088;1,094452;2,731900;1,656766
310017;-49,960110;-18,926680;0,296670;0,898150;3,309300;0,601200;-0,053920;0,413530;0,069060;0,090237;0,582063;9,176600;-0,212707;0,457250;-0,028625;0,342065
310018;-48,550330;-18,962080;0,014680;0,379520;12,784300;-0,540590;0,684980;0,781140;0,301320;0,136991;0,672994;9,168240;0,127597;0,290591;0,388401;0,332907
310019;-47,152530;-18,632600;0,126740;0,494220;2,266700;0,726850;0,580460;1,804010;0,640440;0,144042;0,491958;5,336480;0,355404;0,454604;0,586016;0,262916
310020;-46,310960;-18,957390;0,192140;0,121080;3,164200;0,618690;1,027390;1,272180;0,761080;0,223260;0,575845;9,657900;-0,042480;0,826227;1,316635;0,311342
310021;-49,787250;-19,817960;0,055730;0,618650;20,287000;-1,444710;1,051690;-0,198640;0,562810;0,260323;0,659234;10,723160;-0,381868;0,194556;0,280425;-0,245349
310022;-48,169120;-19,616110;0,148110;0,761290;12,721500;-0,533020;0,196920;0,690140;0,379440;0,347980;0,955577;13,864100;-0,524293;0,307747;0,109402;0,120572
310023;-46,959500;-19,605250;0,286560;0,851480;2,568300;0,690500;0,161670;0,894680;0,191520;0,214086;0,643437;5,533160;0,103321;0,828166;1,082673;0,722251
310024;-45,227150;-18,709120;0,397470;0,720000;14,735700;-0,775750;1,136770;1,625700;-0,125130;0,288037;0,267380;9,327120;0,058731;1,456941;1,001950;0,570406
310025;-44,504210;-18,330340;0,190340;-0,148210;7,112600;0,142890;0,856790;-1,141220;-0,488610;0,077164;-0,194762;13,288160;-0,523484;1,734782;1,551326;1,047884
310026;-45,447750;-19,681830;0,176810;0,130700;24,646300;-1,970020;0,888840;0,658890;-0,565930;0,291220;0,402928;6,531220;0,280572;1,857942;1,807610;1,209453
310027;-44,179140;-19,170180;0,374800;-0,139800;6,988800;0,157810;2,947990;3,566430;2,603320;0,318279;0,094063;6,321340;-0,057054;1,778416;1,092490;1,822139
310028;-43,366790;-18,789750;0,255150;0,214400;7,654500;0,077590;0,088970;-0,026310;0,754910;0,249674;-0,079958;6,572520;0,165510;2,418732;1,587864;2,795912
310029;-44,676610;-19,714720;0,510400;0,548510;4,723700;0,430760;3,160770;1,791870;1,717800;0,356826;0,164348;9,916960;-0,440784;2,034310;1,307242;1,460418
310030;-44,030970;-19,901740;0,554940;0,088980;7,259900;0,125130;3,498310;1,078780;4,045280;0,417585;0,321040;4,711720;0,374258;2,289638;1,188067;2,424882
310031;-43,128590;-19,639200;0,739320;0,621960;4,856000;0,414820;0,073920;-1,220100;3,587720;0,376976;0,243656;7,488800;0,232908;2,447916;0,575389;2,450378
310032;-44,282210;-20,372310;0,285460;0,061920;4,539900;0,452910;2,865820;3,376160;2,482940;0,307842;0,276518;4,662400;0,438152;1,562934;0,816100;1,411792
310033;-43,514510;-20,375370;0,315420;0,811790;3,897400;0,530340;2,989690;0,007630;2,812960;0,327462;0,121840;4,578400;0,215253;1,933693;1,156563;2,620748
310034;-43,927460;-20,672340;0,069740;-0,189650;3,408800;0,589220;2,202200;2,672250;2,184620;0,314967;0,531918;4,377160;0,597322;1,420857;2,467720;1,133360
310035;-42,798440;-18,630730;0,641830;0,819050;3,506000;0,577500;2,459750;-2,738330;2,221290;0,422482;0,303692;6,806120;0,471775;1,670523;0,688432;2,048072
310036;-42,437990;-18,254730;0,346580;0,520960;4,008300;0,516970;0,861150;-0,314900;0,479380;0,403830;0,413550;4,188400;0,538325;1,407310;0,718725;1,648120
310037;-41,861080;-18,611810;0,744190;0,788520;3,116100;0,624490;1,352040;1,491110;0,832050;0,352451;0,308989;3,311740;0,612371;2,196904;0,442211;2,256223
310038;-41,228280;-18,652460;0,318720;0,201730;1,764500;0,787360;3,706910;0,046520;3,294930;0,279830;0,216540;2,531880;0,618448;1,538555;1,795752;2,073340
310039;-42,599070;-19,367170;0,537560;-0,009890;2,451800;0,704540;4,668440;1,408180;4,330140;0,587827;0,613038;7,036540;0,564250;1,490060;0,022530;2,140555
310040;-42,102770;-19,579850;0,225970;0,222620;2,985800;0,640190;2,074530;2,557440;1,921160;0,374770;0,255633;5,330280;0,367192;1,989858;0,594987;2,359578
310041;-41,375260;-19,530290;0,079290;0,048020;3,311300;0,600970;2,768720;0,807060;2,311750;0,252643;0,230220;2,663640;0,733479;2,395039;2,401570;2,404110
310042;-46,280280;-20,097650;0,052290;0,514760;4,072500;0,509240;1,886130;2,752460;1,809330;0,195338;0,332416;10,180240;-0,131660;1,035258;1,254122;0,589880
310043;-44,974550;-20,122180;0,280110;0,021860;6,149900;0,258910;1,699640;-0,393590;1,344550;0,360253;0,328513;7,896040;0,061253;1,679253;1,903028;1,016788
310044;-45,425280;-20,408730;0,314910;0,491360;2,974300;0,641580;2,236950;3,797040;1,749090;0,147595;0,250872;7,756720;0,140025;0,768667;1,376862;0,244360
310045;-45,335970;-20,919500;0,269170;0,595900;1,318900;0,841060;1,766980;2,990840;1,663770;0,145728;0,292393;3,565060;0,648262;0,541860;2,197437;0,068440
310046;-44,692740;-20,820210;0,319000;0,649610;2,596000;0,687160;-2,575170;0,715430;-3,328450;0,237961;0,313620;3,397780;0,597650;2,043970;2,463031;1,831963
310047;-46,631220;-20,628500;0,006270;0,067460;13,601400;-0,639050;0,861440;-0,352180;0,813640;0,176550;0,533435;9,791660;0,463925;0,734150;0,950758;0,677413
310048;-46,720640;-21,136160;-0,011400;-0,070230;7,110900;0,143090;0,386290;0,430450;0,516630;0,249425;0,650680;14,469580;-0,522872;0,324282;-0,501282;0,359123
310049;-46,007320;-21,361300;-0,014710;0,146470;5,428900;0,345790;0,465390;-0,541140;0,653600;0,063298;0,187468;4,130260;0,182353;1,042700;1,110617;0,893397
310050;-45,514860;-21,283540;-0,211810;-0,407600;4,034700;0,513800;0,945580;1,537140;0,542890;0,247823;0,590824;3,055820;0,493270;1,627474;1,614179;1,409329
310051;-46,401390;-22,031460;0,207420;0,618780;3,910100;0,528810;1,352820;0,572530;1,328080;0,051710;0,140267;14,943880;-0,666648;0,316590;0,793790;0,077153
310052;-46,086490;-22,390110;0,084470;0,121560;7,776900;0,062840;1,130250;3,902690;0,836550;0,340809;0,713631;6,633660;0,231532;0,901483;0,973221;0,843448
310053;-45,678490;-22,093010;0,304840;0,794840;4,276700;0,484630;1,579820;0,573070;1,322590;0,145746;0,386614;5,625720;0,371480;1,392416;2,247812;1,043940
310054;-45,024990;-22,128240;0,283880;0,912500;2,184200;0,736800;2,473040;2,884640;1,710700;0,364702;0,620343;4,473680;0,314648;1,243668;1,340490;1,215205
310055;-44,436970;-21,948950;0,657410;1,281860;1,785500;0,784840;2,076090;0,821020;2,051010;0,364509;0,532844;4,195600;0,517367;1,286381;2,023813;1,425356
310056;-45,486510;-22,403580;0,586900;1,160140;6,653800;0,198170;1,947820;3,455730;1,475960;0,409574;0,902456;5,884680;0,290864;1,130906;1,155972;0,890794
310057;-44,919110;-21,344950;0,160810;0,436200;2,070400;0,750510;1,560080;2,740140;1,310230;0,263860;0,579504;2,608720;0,695244;0,837920;1,624562;0,603552
310058;-44,327810;-21,220910;0,285530;0,777750;2,909800;0,649360;1,976120;2,058380;2,088540;0,387040;0,567677;2,627900;0,675390;0,929635;2,712653;0,411930
310059;-43,753500;-21,210860;0,479220;0,684710;3,278800;0,604880;1,162420;6,365720;0,234200;0,164510;-0,025248;5,277260;0,364062;1,660674;2,530750;1,300408
310060;-42,671720;-20,260190;0,110140;-0,057900;16,180400;-0,949840;0,855650;-1,250710;0,913960;0,304800;0,401038;3,031140;0,610560;1,892956;1,192470;2,602732
310061;-41,985430;-20,208590;0,038120;0,143090;1,591800;0,808170;2,220380;2,334380;2,181850;0,190846;0,268380;5,360060;0,458970;2,043309;1,818983;2,387219
310062;-42,998100;-20,809690;0,205170;0,205730;2,827400;0,659280;2,106260;2,283000;2,509970;0,128489;0,051697;7,911420;0,232931;1,771203;1,942370;1,456077
310063;-42,275830;-20,889930;0,260730;0,433240;1,983100;0,761030;2,101480;0,788560;2,166010;0,069604;-0,211883;8,723360;0,119884;1,551627;2,247227;1,758184
310064;-43,032820;-21,129440;-0,373950;-1,463400;14,217400;-0,713280;0,866600;2,678760;-0,301060;0,392716;0,369462;3,551080;0,572074;1,651040;2,739838;1,201790
310065;-43,535720;-21,740400;0,636060;0,543330;3,022900;0,635730;1,152190;2,961360;0,019970;0,317967;0,281660;9,170980;0,352786;0,947700;1,558611;0,943347
310066;-42,580830;-21,596360;0,382400;-0,019700;6,643200;0,199450;1,732850;1,300550;1,078800;0,254932;0,046772;10,616680;0,033403;0,741058;0,899560;0,161748
320001;-40,880060;-18,446530;-0,021370;-0,330810;1,748800;0,789260;3,194630;3,555330;3,914650;0,246989;0,247653;8,487400;0,047780;1,584016;1,155254;1,464659
320002;-40,512830;-18,745450;0,184630;0,553860;2,744100;0,669330;1,860350;2,191540;2,086290;0,166678;0,281152;8,288340;-0,155080;1,689512;2,304682;1,512306
320003;-40,777600;-19,370630;0,020550;-0,276620;1,739100;0,790430;1,850380;2,690720;1,874570;0,182185;0,377408;4,072460;0,540430;2,490965;2,831965;2,727052
320004;-40,300200;-18,194010;0,506460;0,962770;19,245400;-1,319180;1,439320;3,298000;0,052400;0,166275;0,209505;9,044220;-0,309193;1,445838;0,669712;1,406885
320005;-40,033860;-18,570360;0,199780;0,731590;16,943900;-1,041840;0,104770;-0,791450;0,228840;0,276117;0,668840;6,745320;-0,402718;1,365315;1,750982;0,914888
320006;-40,109280;-19,481680;0,127970;0,318830;8,249200;0,005930;1,858460;2,770810;1,491070;0,236484;0,591846;6,792540;0,181460;1,917354;1,772904;2,553936
320007;-41,194130;-20,143710;0,442320;0,863010;2,535600;0,694450;2,366400;4,135490;2,809560;0,221141;0,472654;4,943920;0,527588;2,348686;2,513966;3,325675
320008;-40,704930;-19,914970;0,280270;0,811540;4,293200;0,482640;2,897230;3,531560;3,748990;0,272008;0,511020;5,625420;0,374387;2,237320;2,709793;2,751548
320009;-40,389540;-20,275150;0,497190;1,138860;8,242400;0,006740;2,874040;1,242150;4,830990;0,368003;0,803342;4,835580;0,324000;2,321943;3,539128;3,310030
320010;-40,685500;-20,661490;0,621450;1,219990;7,360800;0,112980;2,165680;3,718650;5,190500;0,310420;0,683565;10,849460;-0,504945;1,482652;1,359017;2,021152
320011;-41,588940;-20,566010;0,012300;0,163940;1,604000;0,806710;2,030120;3,412040;4,078120;0,201800;0,324726;9,470100;0,677604;1,757722;2,334994;2,013648
320012;-41,323360;-20,825550;0,219960;0,532410;3,219200;0,612060;1,982940;2,375170;2,388630;0,214007;0,376005;10,300860;-0,766750;0,521295;1,130070;1,496270
320013;-40,994960;-21,082830;0,082210;0,199980;35,956900;-3,333030;-1,292770;-2,316740;-1,944570;0,306433;0,636543;10,236360;-0,889627;0,629850;0,627810;1,966983
330001;-41,852170;-21,179750;0,047870;-0,348120;4,047000;0,512310;0,117410;2,041370;0,522190;0,149240;0,224420;12,692420;-0,529514;1,128648;0,809174;1,838400
330002;-42,040570;-21,573280;0,175320;-0,164720;20,193600;-1,433450;1,787770;1,680490;2,237420;0,352915;0,397363;12,318240;-0,276847;0,444737;0,281892;0,077793
330003;-41,463930;-21,649590;0,077890;0,157230;36,462200;-3,393920;-2,259070;-4,210390;-1,678180;0,213383;0,248493;22,106100;-1,284590;0,258048;0,186577;0,379495
330004;-41,698210;-22,205820;0,112690;-0,006190;39,866000;-3,804100;-2,305380;-4,954070;-2,026840;0,398772;0,628413;11,327600;-1,110618;-0,013065;2,172335;-0,148670
330005;-43,049850;-22,118990;0,125080;0,048250;4,738300;0,429010;-1,179120;-2,189830;-0,429650;0,460267;0,507574;9,168940;-0,057663;0,443464;1,059006;0,243311
330006;-42,433070;-21,911260;0,706350;0,883930;3,971800;0,521380;-0,282570;-0,521980;-2,722200;0,359076;0,406238;12,086620;-0,253368;0,718238;1,927146;1,029132
330007;-42,482780;-22,185060;0,470330;0,889760;9,962300;-0,200520;-0,008630;6,551280;1,158950;0,329647;0,298357;10,152960;-0,740411;-0,117274;-0,545551;-0,714869
330008;-42,001240;-22,017840;0,642250;1,277600;10,467000;-0,261330;1,258320;2,293240;1,100140;0,308516;0,352002;17,432140;-1,662122;-0,613576;-0,290934;-0,606170
330009;-42,209970;-22,544020;0,404620;0,189060;13,167000;-0,586700;0,957120;4,055210;-1,175590;0,236220;-0,020275;18,570380;-1,481973;-0,194765;-0,231925;0,235578
330010;-42,272530;-22,770640;0,056320;-0,708760;19,069900;-1,298040;1,007110;-1,357370;0,804660;0,378680;0,261270;17,389800;-0,651167;-0,418463;3,102623;-1,438040
330011;-44,290330;-22,585920;0,727010;0,805580;9,790900;-0,179870;0,898720;2,109350;2,423570;0,500475;0,956900;9,559040;0,106045;0,535637;0,136189;0,621884
330012;-43,795900;-22,301590;0,670080;0,662150;4,022700;0,515240;-0,001060;-0,124320;1,881590;0,498242;0,664162;8,426280;0,090140;0,651296;0,456388;1,021290
330013;-44,752370;-23,102700;0,396260;0,799830;12,560500;-0,513610;-2,190000;-1,910850;-2,448730;0,533176;1,324176;6,631220;-0,023218;0,573998;1,051088;0,378030
330014;-43,561190;-22,458410;0,345650;0,641790;18,414100;-1,219010;0,308600;-1,419960;1,041550;0,480350;0,724597;10,556940;-0,155312;-0,215762;0,897098;0,015942
330015;-43,044280;-22,330060;0,011000;-0,048240;15,401000;-0,855910;0,202870;-1,333890;-0,755480;0,334496;0,434910;12,210700;-0,471464;-0,618332;1,638830;-0,273536
330016;-42,681200;-22,604900;0,305540;-0,255910;13,486700;-0,625230;0,527840;-1,167540;1,005540;0,273630;0,234496;11,544140;-0,736548;-0,116376;2,867086;-0,822306
330017;-43,908700;-22,871090;0,923050;2,029180;9,118000;-0,098770;1,524370;0,501080;1,119690;0,473700;0,774465;9,693620;-0,663515;-0,930757;1,299685;-0,781920
330018;-43,449690;-22,763520;0,425880;0,850660;14,452100;-0,741570;-2,740350;6,420200;-4,144070;0,328312;0,331612;12,231620;-0,819392;0,714158;-0,955536;0,643192
350001;-50,764670;-20,169860;0,195840;0,020740;8,070500;0,027460;0,398770;1,257690;-0,179900;0,389592;0,881520;18,577360;-0,733306;0,282564;-0,061470;-0,716132
350002;-50,270310;-20,140960;0,182180;0,371470;13,555700;-0,633540;0,335040;0,181350;-0,612970;0,209920;0,418723;14,085120;-0,604378;0,316503;0,724407;-0,307628
350003;-49,875850;-20,250840;0,252890;0,375740;4,857800;0,414600;-0,023420;1,133780;-0,650360;0,213596;0,567568;18,975100;-1,286614;0,311490;0,126748;-0,274486
350004;-49,467220;-20,634490;0,143090;0,422960;23,822500;-1,870750;-0,058700;-0,238290;-0,523070;0,174914;0,608163;22,749620;-1,958583;0,469943;0,265937;-0,053375
350005;-48,921740;-21,075690;0,113470;0,244510;46,102200;-4,555590;0,103150;-0,536800;-0,346850;0,119026;0,457148;32,592980;-2,927648;0,251084;0,097158;-0,161780
350006;-50,446780;-20,682160;0,335220;0,659760;20,039300;-1,414860;-0,161030;0,704800;-0,963060;0,241080;0,554920;17,285040;-1,213159;0,221423;0,538757;-0,485190
350007;-49,863470;-20,754300;0,351760;0,765000;17,171000;-1,069210;0,390450;0,184520;0,163860;0,215068;0,543888;18,549020;-1,385703;0,012345;0,404488;-0,577045
350008;-49,261050;-21,396610;0,190090;0,770420;29,335800;-2,535140;0,381990;0,348350;0,039680;0,070522;0,275616;34,282540;-3,725314;0,406198;-0,192780;-0,342592
350009;-48,619140;-20,495320;0,195530;0,876170;16,281300;-0,961990;0,324950;0,977170;-0,279690;0,137528;0,416630;31,823020;-2,969844;0,266448;-0,388604;-0,011060
350010;-48,128720;-20,480170;0,330450;0,691300;22,092500;-1,662280;-0,064050;-0,615450;-0,041210;0,257857;0,763624;19,915320;-2,223687;0,048344;-0,245349;-0,062174
350011;-47,773330;-20,288440;0,442090;1,026780;14,686500;-0,769810;-0,547650;-0,836280;-0,641520;0,478977;1,206107;16,688260;-0,538057;0,230903;0,235217;0,229580
350012;-47,419540;-20,412290;0,958370;2,165730;3,475900;0,581130;0,559840;0,630960;0,350510;0,202919;0,543276;28,905340;-0,749943;0,043461;-0,267511;0,119349
350013;-48,449620;-21,130960;0,044900;0,105730;52,411400;-5,315890;0,300150;-0,353840;0,293020;0,132150;0,400446;30,985140;-3,600102;-0,027536;-0,242208;-0,357098
350014;-47,724890;-21,341360;-0,000220;0,079790;65,276200;-6,866180;-0,808760;-0,788360;-0,778900;0,131189;0,420387;38,045560;-3,008681;-0,433756;-1,204973;-0,535947
350015;-47,415210;-21,076950;0,218350;0,474850;28,870100;-2,479030;-0,690390;-2,083940;-0,383060;0,279610;0,659476;22,528400;-1,855824;-0,106018;-0,315264;-0,112200
350016;-51,266560;-20,807540;0,443270;0,910200;11,663800;-0,405550;-0,121930;0,507440;-1,246090;0,374211;0,672299;19,734540;-0,950821;0,159911;0,361647;-0,746701
350017;-50,744170;-21,117190;0,132550;0,724200;42,770200;-4,154070;0,278520;0,488860;-0,699180;0,326150;0,823333;17,974540;-1,462823;0,132873;0,583530;-0,443263
350018;-50,298950;-21,299480;0,129070;0,717090;30,469800;-2,671800;0,292530;0,017660;-0,171690;0,232696;0,666507;24,001880;-1,813100;0,356891;0,707963;-0,137149
350019;-49,790120;-21,667370;0,110770;0,497720;31,905600;-2,844820;1,238200;0,201460;0,255240;0,101878;0,407028;26,969460;-2,186780;0,059208;0,585310;-0,539628
350020;-49,189000;-22,233510;-0,036240;0,102430;53,117100;-5,400940;0,441310;-0,142670;-0,759440;0,088712;0,391960;29,997440;-3,052371;-0,084447;-0,290231;-0,556071
350021;-48,644490;-22,253080;0,023460;0,275860;67,989700;-7,193170;-1,328330;-2,186770;-1,362650;0,054498;0,302673;45,024680;-4,832595;-0,359952;-0,929637;-0,855710
350022;-48,902710;-23,200880;0,188600;0,783770;13,262700;-0,598230;-0,085110;1,243310;0,004270;0,123924;0,577020;16,426240;-2,199764;0,387690;0,128090;-0,118262
350023;-48,389650;-22,919910;0,037800;0,317610;48,586800;-4,855000;-0,582220;-1,520780;-1,044710;0,075838;0,349448;39,893600;-4,073008;-0,031203;-0,126295;-0,325180
350024;-48,550030;-21,723370;0,021520;0,110460;41,113900;-3,954470;0,307030;-0,247600;-0,338840;0,070941;0,337861;54,216840;-5,086196;-0,314906;-0,835187;-0,645576
350025;-47,977830;-21,918340;0,161130;0,786290;39,304700;-3,736460;-1,293850;-2,186220;-1,603890;0,027482;0,216223;49,181680;-4,911882;-0,664195;-0,964887;-1,095098
350026;-47,895250;-22,311620;0,106250;0,467170;43,000900;-4,181870;-0,497730;0,530300;-1,071640;0,053470;0,278750;53,921420;-5,658575;-0,955510;-1,941723;-1,307805
350027;-47,327220;-22,400620;-0,007240;0,020770;48,444300;-4,837840;-0,665610;-1,383050;-1,948940;0,078403;0,368763;42,613180;-4,068698;-0,495742;-1,061297;-0,949780
350028;-47,821990;-22,821520;0,036530;0,032080;65,281600;-6,866830;-0,534250;-2,010850;-0,315740;0,060770;0,251249;46,591620;-4,593379;-0,453580;-0,710553;-1,067921
350029;-47,243120;-21,943890;0,021120;0,343290;28,527700;-2,437760;-0,991770;-1,713840;-1,069620;0,057486;0,278920;40,993380;-3,939954;-0,614282;-1,194052;-1,121190
350030;-46,950060;-21,785030;0,120850;0,430790;20,537400;-1,474880;-0,603410;-1,233920;-0,608030;0,074697;0,253907;23,879460;-2,315913;-0,075265;-0,660312;-0,175510
350031;-46,934070;-22,373860;0,012910;0,076960;31,404300;-2,784410;0,300220;-0,378710;-0,666190;0,098795;0,342745;30,616980;-2,153142;-0,107373;-0,297228;-0,589958
350032;-47,172670;-22,896890;0,132480;0,506790;44,851400;-4,404860;0,042930;-0,608460;-0,971600;0,097384;0,208447;32,846500;-2,355600;-0,046697;0,729564;-0,336566
350033;-46,631010;-22,644550;0,118140;0,136050;10,724100;-0,292320;0,220800;2,583370;-0,269640;0,102434;0,272366;19,827440;-1,281638;0,799994;1,143984;0,314012
350034;-51,645460;-21,377780;0,190430;0,020520;8,216200;0,009900;-0,216560;0,381380;-1,422970;0,363080;0,741058;19,907720;-0,714813;-0,026792;0,458420;-0,583575
350035;-51,052790;-21,630600;0,397040;1,006280;19,576500;-1,359080;0,521920;1,104220;0,607790;0,204822;0,597053;20,248660;-1,382970;0,004262;0,671775;-0,631552
350036;-51,905740;-22,095980;0,175170;0,620680;17,404800;-1,097390;-0,495870;0,125140;-0,447760;0,258249;0,656627;15,001400;-0,511878;-0,126471;0,146313;-0,247770
350037;-50,494310;-21,925750;0,158440;0,589630;8,123300;0,021090;0,288880;2,510170;0,198380;0,160862;0,500973;23,168600;-1,676195;0,043518;0,218173;-0,318282
350038;-49,885880;-22,205470;0,026820;-0,160360;13,801300;-0,663140;-0,990760;1,016640;-2,021630;0,093982;0,410882;27,252740;-2,284122;0,409420;0,047284;-0,083478
350039;-50,592050;-22,492120;0,126300;0,324430;20,089800;-1,420940;-0,304910;-1,156080;-0,131640;0,145186;0,547413;8,040880;-0,666121;-0,165421;0,294056;-0,308774
350040;-49,626770;-23,020570;0,110640;0,540200;23,027900;-1,775000;0,383620;-1,176460;0,020070;0,138770;0,453689;20,331860;-1,150543;-0,146230;0,474174;-0,412911
350041;-48,988740;-23,901850;0,195970;0,719340;3,172400;0,617700;0,058950;1,083050;-0,120310;0,184792;0,649770;5,924180;-0,057417;0,269982;0,994320;0,171270
350042;-48,217500;-23,558940;0,311450;1,205520;4,859300;0,414420;1,636790;2,397310;1,313080;0,100893;0,339004;29,158520;-1,668923;-0,273926;0,545073;-0,525014
350043;-47,917480;-23,173460;-0,068770;-0,302970;48,074700;-4,793300;-0,317630;-0,058100;-0,830600;0,146798;0,507180;30,919220;-3,298755;0,173462;-0,220332;-0,073170
350044;-48,634700;-24,275290;0,146280;0,185190;6,068300;0,268730;-0,835140;0,314000;-0,983770;0,291432;0,905170;6,471100;0,111037;0,484968;2,230830;0,362200
350045;-47,596190;-23,865520;0,004960;0,196580;11,906000;-0,434750;-0,329860;2,501040;-0,454670;0,502086;1,873230;24,217040;-0,506814;0,082122;1,055198;0,139186
350046;-47,437330;-23,427550;0,201410;0,473510;23,962400;-1,887610;0,173530;0,252990;-0,245310;0,272973;0,946700;22,642060;-1,935945;0,125995;1,184668;-0,060134
350047;-46,924810;-23,185330;0,245050;0,682020;8,378200;-0,009620;-0,995320;3,811330;0,046640;0,131534;-1,505632;11,502000;-0,928686;0,071752;1,704386;-0,210138
350048;-46,484140;-23,041170;0,074890;0,037740;6,726400;0,189430;1,173750;2,231870;1,043220;0,111770;-1,018571;4,893160;-0,425180;-0,065956;1,970126;0,155001
350049;-45,665310;-22,808250;1,250820;2,596140;7,603600;0,083730;0,457440;-1,127170;1,108920;0,248350;0,396957;6,138100;0,165338;0,776518;1,735640;0,468143
350050;-45,775400;-23,103740;0,198170;0,218890;5,692500;0,314020;0,014020;0,037510;0,084850;0,322521;0,447764;9,094820;-0,048494;0,890729;1,061407;0,607069
350051;-45,063710;-22,715620;0,123860;0,087240;7,582000;0,086320;0,013980;-0,453370;-0,524790;0,591264;1,136761;4,621360;0,335666;0,878053;1,270454;0,859034
350052;-44,543030;-22,714740;0,603610;1,240650;3,679900;0,556550;0,080080;0,791270;0,144050;0,433898;0,679020;8,247120;0,008275;-0,250512;0,121745;-0,371190
350053;-45,216830;-23,222320;0,488460;1,023430;2,985300;0,640260;0,275250;0,741850;-0,934810;0,145078;0,486337;10,063920;-0,468987;-0,221018;0,132933;-0,518063
350054;-45,283990;-23,520180;-0,076250;1,522040;16,881000;-1,034260;0,091570;1,111890;-0,862350;-0,097025;-1,678932;11,113080;-0,750090;-0,394462;-0,405215;0,644460
350055;-47,837830;-24,656100;1,184350;2,716330;16,681000;-1,010160;0,293240;2,360540;-0,133300;0,430369;1,535821;12,307800;-0,324090;-0,267761;1,021939;-0,113940
350056;-46,969610;-24,192320;1,051720;2,671090;21,417900;-1,580990;-0,274340;0,063080;-1,054630;0,224260;3,052580;9,774520;-0,370330;0,063760;1,484828;1,317378
350057;-46,894390;-23,444680;0,855140;0,467980;5,349180;0,926830;2,363110;3,493920;-0,013410;0,090108;1,844740;5,349180;-0,186308;-0,785442;2,493542;-0,224448
350058;-46,628540;-23,327580;-0,606250;-9,014180;3,877200;0,532780;-3,394560;3,151610;-0,863590;0,345760;2,740672;3,729180;0,535980;1,241736;3,150116;0,498608
350059;-46,335630;-23,344990;0,610330;0,218870;1,486300;0,820900;2,520190;0,912830;2,221800;-0,152996;0,517714;11,040860;-0,086870;-0,079120;2,388554;-0,008428
350060;-46,977060;-23,812860;0,666940;4,785600;10,949200;-0,319450;-0,857810;-0,048850;0,745230;0,540162;3,137040;7,851220;-0,539053;0,562105;2,328700;-0,451088
350061;-46,550460;-23,682700;-0,056610;12,296750;2,055000;0,752360;1,146950;5,300630;-0,805210;0,186437;-1,344233;6,422660;-0,392420;0,099070;1,017247;0,999540
350062;-46,046610;-23,538600;-0,375180;-0,950630;26,745100;-2,222940;0,664240;1,221150;0,498590;0,044410;1,281937;5,782320;0,098202;0,620107;1,071950;0,861178
350063;-46,221870;-23,864580;-0,897640;-7,588360;15,800600;-0,904070;-0,327340;-1,673010;5,462790;0,135920;3,884812;9,022560;-1,021457;0,407105;1,924187;-0,555900
410001;-52,854790;-22,991120;0,324660;1,101670;13,729200;-0,654450;-0,199090;-1,022180;-0,072810;0,254846;0,996597;10,974420;-0,402901;-0,508569;0,113694;-0,378976
410002;-53,605570;-23,722730;0,530080;1,856430;4,445100;0,464340;-2,324380;1,165650;-2,967090;0,202294;0,825046;9,764200;-0,176650;-0,002646;-0,098528;0,163782
410003;-52,686040;-23,616160;0,241550;0,908130;18,164700;-1,188960;0,105710;-0,273080;0,151670;0,242106;0,904616;6,005640;0,276284;-0,477412;0,192578;-0,377616
410004;-52,851470;-24,429180;0,165940;0,636070;3,151500;0,620220;-0,586290;0,256890;-0,344730;0,224673;0,839925;6,200180;0,288088;-0,066510;0,483388;0,018572
410005;-52,326560;-24,141040;0,082950;0,340410;4,245600;0,488380;0,490960;-0,083540;0,922890;0,201834;0,747940;3,969460;0,236658;0,081824;0,267626;0,266280
410006;-51,907860;-22,978070;0,093040;0,805370;18,605900;-1,242130;-0,167860;-0,576140;-0,112460;0,159363;0,658847;5,363540;0,002351;-0,011123;0,171884;0,232206
410007;-51,232080;-22,924710;0,120330;0,457840;8,518600;-0,026540;0,220230;0,303990;0,351720;0,145830;0,669107;10,571500;-0,411173;-0,028278;-0,116078;0,226277
410008;-52,173430;-23,533630;0,106900;0,588500;4,456800;0,462930;0,231740;0,646070;0,573660;0,180483;0,737266;10,644160;-0,219133;-0,064799;-0,316433;0,137047
410009;-51,916320;-23,464440;0,128950;0,591690;5,864900;0,293240;-0,845990;0,113260;-0,488270;0,138540;0,722100;7,475960;0,006448;0,088690;-0,129105;0,261783
410010;-51,440110;-23,627680;0,189440;0,768460;3,576800;0,568970;0,259290;0,003960;0,290790;0,137952;0,683702;4,664140;0,093898;-0,058924;-0,047480;0,240554
410011;-51,248260;-23,470260;0,070090;0,483090;4,400600;0,469700;0,751830;1,032950;1,418110;0,166156;0,736164;5,639260;0,133948;0,046118;-0,110136;0,205302
410012;-51,522940;-23,892080;0,164780;0,726070;6,339700;0,236020;0,031590;-0,590310;0,295140;0,177128;0,689692;4,433280;0,514354;-0,057612;0,152618;0,145920
410013;-51,510870;-24,347170;0,227450;0,687520;3,867300;0,533970;0,131090;0,216960;0,263170;0,172139;0,702653;3,715720;0,576409;0,216759;0,198653;0,419979
410014;-50,777000;-23,435910;0,195070;0,836860;2,848200;0,656780;-0,016880;-0,065330;0,406210;0,125474;0,516746;6,487500;0,246954;0,345354;0,153846;0,584622
410015;-50,591020;-23,273790;0,215310;0,944210;6,913000;0,166940;0,064020;-0,057010;0,225200;0,128006;0,469024;11,072100;-0,433500;0,005050;-0,375008;0,195344
410016;-49,959940;-23,241540;0,209590;0,839690;18,993400;-1,288810;-0,628070;-0,664080;-0,487400;0,140268;0,452332;8,860480;-0,483286;0,276518;-0,148808;0,315446
410017;-50,383680;-23,806850;-0,011260;-0,113700;9,028500;-0,087990;0,754880;-0,293540;0,837830;0,200775;0,769498;6,724780;0,265525;-0,020898;0,364030;0,151372
410018;-49,856380;-23,694430;0,260350;0,566520;2,484800;0,700560;0,484980;1,939050;0,625770;0,119274;0,520590;11,433600;-0,377816;0,120826;0,039536;0,059678
410019;-50,732690;-24,401140;0,232900;0,812290;2,384500;0,712660;-0,064190;-0,217160;0,090250;0,134996;0,633112;4,874380;0,483831;0,247263;0,234547;0,489999
410020;-49,709930;-24,244820;0,091430;0,617420;2,945800;0,645020;0,034750;1,248710;0,048200;0,127746;0,417317;4,527540;0,464771;0,156714;0,763790;0,304377
410021;-49,977820;-25,094770;0,109550;0,775750;3,255000;0,607750;-0,518420;-1,273200;0,160670;0,131177;0,610047;3,180900;0,604294;0,417920;1,301793;0,742489
410022;-53,848640;-24,528120;0,119300;0,459120;3,140700;0,621520;0,306200;0,512090;0,535930;0,218938;0,910724;3,473100;0,394110;-0,402460;0,501318;-0,303020
410023;-53,158700;-24,959840;0,106830;0,555980;3,417900;0,588120;0,495580;1,087920;0,780400;0,171681;0,543257;3,117540;0,647456;-0,052894;-0,192236;0,407556
410024;-54,120850;-25,292560;0,131820;0,484900;3,489900;0,579450;0,042550;-0,037510;0,467470;0,119870;0,420653;3,103140;0,621620;0,208040;0,125247;0,684127
410025;-53,657870;-25,772150;0,133480;0,246860;2,861100;0,655220;-0,177660;-1,224270;0,736050;0,150283;0,493990;3,156980;0,604247;0,184367;0,130923;0,779333
410026;-53,275160;-25,933850;0,212200;0,441090;2,944500;0,645170;0,014970;-0,657640;1,090130;0,165190;0,343957;2,937220;0,647620;0,271267;0,102708;0,557607
410027;-52,585930;-25,990100;0,121710;0,305070;2,939000;0,645830;-0,050440;-0,297960;-0,015210;0,211116;0,490296;2,701740;0,674424;0,192990;0,384218;0,676766
410028;-52,036220;-24,761940;0,267330;0,919480;2,032000;0,755130;0,526870;0,491290;0,687630;0,150974;0,567052;4,092620;0,577234;0,006888;0,158346;0,260428
410029;-52,054600;-25,390270;0,171700;0,615280;2,859000;0,655480;-0,496900;-0,686500;-0,319590;0,226442;0,775194;2,781600;0,679443;0,257520;0,652453;0,475666
410030;-52,043440;-26,174280;0,161390;0,695730;2,781500;0,664810;-0,060400;0,244000;0,505660;0,199652;0,536576;2,590520;0,644826;0,024204;0,265684;0,024096
410031;-50,835740;-25,204170;0,178410;0,916540;2,288200;0,724260;0,797240;1,830720;0,689870;0,235722;0,858467;2,752780;0,666140;0,106487;0,223560;0,260132
410032;-50,798850;-25,708920;0,344830;1,119480;1,868300;0,774850;0,612710;1,549960;0,376790;0,273960;1,002040;2,617320;0,718680;0,281257;1,075588;0,315582
410033;-51,199620;-26,190640;0,417830;1,335860;1,802000;0,782850;-0,149940;1,406830;-0,097450;0,199160;0,670690;2,928040;0,648537;-0,160087;0,589353;-0,207142
410034;-50,320670;-25,834300;0,327900;1,140480;2,388800;0,712130;0,974630;1,751300;0,989500;0,210653;0,861250;2,907940;0,682242;-0,315702;0,893172;-0,135848
410035;-49,072860;-24,756580;-0,039570;-0,024170;4,697000;0,433990;1,215940;3,794330;1,520200;0,318486;0,917582;6,812440;0,191686;-0,156506;0,632844;0,050876
410036;-49,878490;-25,750190;0,066350;0,514550;3,693500;0,554910;-0,275970;0,190480;0,696820;0,159654;0,724056;2,984820;0,615466;-0,120326;1,030196;0,138532
410037;-49,202330;-25,391410;0,060820;0,293220;4,588200;0,447090;0,243040;0,514170;1,162580;0,432527;1,255202;6,348360;0,027462;0,122930;1,265403;0,255595
410038;-48,509630;-25,483850;1,121430;2,643240;17,287500;-1,083250;-1,036160;0,015800;-1,732520;0,569862;1,458778;6,356560;0,005684;0,897576;1,343960;0,983194
410039;-49,447360;-25,990060;0,153050;0,905510;2,808800;0,661530;1,058950;2,504470;1,021700;0,372360;1,075732;5,569680;0,227778;-0,269248;0,811264;-0,059028
420001;-53,512720;-26,730580;0,191960;0,119990;2,993600;0,639260;0,798770;0,598760;0,762510;0,188442;0,220910;2,610060;0,693037;0,528560;0,212125;1,257393
420002;-52,950240;-26,809050;0,265460;0,220560;2,474500;0,701810;1,058250;1,138300;1,401480;0,182407;0,236813;2,760680;0,665737;0,418883;0,333981;0,757801
420003;-52,230140;-26,718180;0,244830;0,478820;2,449200;0,704850;0,449030;1,882930;0,706150;0,156578;0,206036;2,761680;0,619538;0,470478;0,153122;0,579826
420004;-51,172140;-26,953410;0,042190;-0,052150;4,687500;0,435120;0,369270;-0,976880;-0,153420;0,209694;0,527256;2,461940;0,690036;-0,207153;0,797487;-0,072870
420005;-52,113250;-27,228760;0,192140;-0,139030;2,903400;0,650120;1,035710;0,658150;1,160620;0,165776;0,224112;3,062240;0,638380;0,501750;0,555702;0,663124
420006;-50,426030;-26,427850;0,146950;0,505320;2,914100;0,648830;-2,359830;1,654240;-2,641790;0,280570;0,818410;3,451500;0,496306;0,541828;0,766170;0,518466
420007;-49,328740;-26,343640;0,466250;1,422330;3,557400;0,571310;2,082680;1,681630;2,219770;0,657398;1,572130;6,549420;-0,116876;-0,115196;0,858826;-0,508618
420008;-48,994440;-26,364170;0,984840;1,956500;13,620500;-0,641350;0,809970;-0,341010;0,645220;0,801647;1,813050;9,886120;-0,541390;0,933980;0,429427;0,091950
420009;-50,562600;-27,149370;0,168420;0,549840;2,472100;0,702100;-1,042980;-1,430430;-1,155460;0,078312;0,083428;3,935100;0,525796;-0,149208;0,771028;-0,267738
420010;-50,369060;-27,949510;0,063700;0,000530;2,892800;0,651400;-0,342540;0,703590;-0,536090;0,160314;0,416608;4,698340;0,413912;0,654326;1,115103;0,695895
420011;-49,768420;-27,065450;0,002420;-0,300810;6,498100;0,216940;0,908720;1,307500;0,980430;0,274896;0,642548;6,807500;0,427256;-0,296598;0,539664;-0,541650
420012;-49,235930;-26,898170;0,880720;1,850080;9,710200;-0,170140;0,951090;0,460630;0,164300;0,323544;0,638024;11,261400;-0,131367;0,700664;1,038536;0,358690
420013;-48,694790;-26,868060;0,738190;1,336550;20,608700;-1,483480;1,738310;-0,440350;-0,283750;0,559010;1,015297;12,166480;-0,449133;0,724863;0,739023;0,313227
420014;-49,566510;-27,435780;0,114690;0,306970;5,774900;0,304090;1,311270;1,310290;1,460790;0,190464;0,229652;7,733860;0,068024;0,784474;1,598988;0,485058
420015;-48,961100;-27,394130;-0,188530;-0,760690;12,745500;-0,535910;0,413530;2,097450;0,130160;0,405900;0,796264;12,823060;-0,545256;1,396460;0,911082;0,780284
420016;-48,656850;-27,682500;0,101890;0,128570;21,198800;-1,554580;0,990060;-0,200930;0,873590;0,081573;-0,007410;10,372580;-0,023470;0,954250;2,134303;0,823690
420017;-49,158490;-27,833940;0,194010;0,359150;6,822700;0,177830;1,991570;3,425770;1,686490;0,066198;0,010938;10,161540;-0,169466;0,565994;0,958018;0,516574
420018;-49,074220;-28,370640;0,239240;0,379310;5,911100;0,287670;0,457650;0,879690;0,654420;0,190595;0,354015;10,343860;-0,087313;0,804670;1,169202;0,700535
420019;-49,443550;-28,591720;0,402780;0,927810;5,177400;0,376100;0,579590;0,748380;0,778150;0,196125;0,548120;4,713800;0,495487;0,226503;0,859718;0,243560
420020;-49,731140;-28,979080;0,456910;0,966300;4,373200;0,473000;0,440450;0,342660;0,705750;0,303117;0,946387;5,349560;0,416477;0,217473;0,945630;0,246107
430001;-54,561350;-27,736090;0,113920;0,167320;2,274300;0,725930;-0,061310;0,117160;1,275750;0,084240;0,103710;2,561340;0,688805;0,057623;0,023558;0,674883
430002;-54,014290;-27,452880;0,102200;-0,020680;2,293100;0,723670;0,310740;-0,218320;1,286780;0,139157;0,203933;2,503980;0,695705;0,306145;0,345917;0,882215
430003;-52,986450;-27,502310;0,173910;0,242670;2,477100;0,701500;0,730280;0,586160;1,251180;0,148267;0,224326;2,507220;0,694139;0,222637;-0,059481;0,729591
430004;-52,314900;-27,603650;0,140100;0,209080;2,710000;0,673430;-0,046140;-0,432530;0,349230;0,182322;0,193708;2,595160;0,685266;0,593534;0,348060;1,082370
430005;-51,629290;-27,861910;0,136300;0,264250;2,683000;0,676690;0,678340;1,166690;1,012180;0,110714;0,256386;3,347080;0,625466;-0,030163;-0,253453;0,057347
430006;-54,863030;-28,140330;0,080160;-0,003840;3,439400;0,585530;0,587010;0,397210;1,009400;0,095840;0,160465;2,294120;0,727910;-0,242705;-0,024545;0,719840
430007;-54,837430;-28,429560;0,077760;0,153610;2,241500;0,729890;-0,424100;-0,166250;0,163930;0,077908;0,314995;2,533700;0,662268;-0,089883;-0,045387;0,447322
430008;-53,735010;-28,156990;0,076840;0,285750;2,355600;0,716130;-0,243160;0,081590;0,239420;0,119330;0,240598;2,349240;0,719067;0,121998;0,082345;0,793820
430009;-53,115740;-27,974460;0,117510;0,375490;2,419300;0,708460;0,214910;0,224830;0,481330;0,122706;0,364084;2,500480;0,703232;0,025280;-0,375646;0,707452
430010;-52,197110;-28,171530;0,143800;0,380090;2,520900;0,696210;-0,534910;-1,809000;0,586390;0,112049;0,382359;2,807940;0,660998;0,648869;0,710311;0,946246
430011;-53,557220;-28,670290;0,130680;0,525180;2,282400;0,724950;-0,038530;-0,049510;0,303950;0,094291;0,376496;2,845320;0,700103;0,264436;0,381144;0,675383
430012;-52,833240;-28,553680;0,088300;0,386730;2,677300;0,677370;0,212720;-0,687470;1,156320;0,140783;0,464248;2,528660;0,720470;0,259798;-0,079415;0,756617
430013;-52,602970;-28,948860;0,171140;0,576230;2,055800;0,752260;1,397720;1,316020;1,654800;0,087647;0,229952;3,293720;0,623397;0,582212;0,851778;0,873505
430014;-51,858300;-28,792250;0,044480;0,158080;3,913600;0,528390;1,652670;1,995860;1,514770;0,091682;0,322998;5,252660;0,491118;0,820378;1,158138;0,940070
430015;-50,693310;-28,639690;0,024650;0,846340;3,569200;0,569880;0,350450;1,512930;0,150160;0,209437;0,389990;5,666500;0,429239;0,640674;0,998212;0,775387
430016;-51,299510;-29,108670;0,023850;-0,085040;8,976400;-0,081710;1,530560;2,077150;1,134550;0,051396;0,047472;5,300580;0,361246;1,277120;2,041754;0,997452
430017;-54,379220;-29,116740;0,104840;0,825400;2,306100;0,722100;-0,150290;-1,067910;0,526730;0,032255;0,203928;3,167600;0,578127;0,079433;0,781698;0,243428
430018;-54,213150;-29,908530;0,035150;0,350920;4,239900;0,489060;0,124870;0,450110;0,388720;0,106979;0,528789;3,301080;0,576136;-0,058574;0,383186;0,077164
430019;-53,355180;-29,703310;-0,034720;0,071440;4,718600;0,431380;0,604130;1,239500;0,770140;0,041318;0,377460;3,286520;0,566163;0,092180;0,903648;0,439765
430020;-52,613380;-29,526110;0,023650;0,032260;3,364900;0,594510;0,843250;2,967200;0,505150;0,177469;0,571163;3,586640;0,579137;0,443134;0,967781;0,754861
430021;-52,086790;-29,432330;0,094970;-0,102630;3,991900;0,518950;1,358070;2,693590;1,174450;0,166425;0,330913;4,531080;0,364697;1,131505;1,759535;0,916647
430022;-52,727460;-30,099040;0,001630;0,301260;4,489600;0,458980;-0,449110;1,265190;0,338460;0,244435;0,654998;3,685900;0,550735;0,482803;1,564457;0,534747
430023;-51,428670;-29,568190;-0,038310;-0,497310;8,718300;-0,050610;0,984880;0,823390;0,175110;0,228182;0,346254;5,793360;0,301866;1,297672;1,872670;1,127586
430024;-50,788940;-29,520860;0,131190;-0,167120;6,309900;0,239620;2,039530;3,183000;1,972770;0,121854;0,322760;6,425980;0,225628;0,753704;1,004214;0,422098
430025;-51,751190;-30,135510;0,773740;1,801260;4,602800;0,445340;0,379950;1,377590;0,515500;0,041748;0,021303;5,195400;0,410687;0,721070;1,730035;0,595853
430026;-51,186360;-30,039380;0,117160;0,284800;5,085800;0,387130;1,180250;0,032020;0,840660;0,279986;0,462256;5,820520;0,298592;0,707164;1,711676;0,602936
430027;-50,472800;-30,345290;0,481920;1,065010;5,780200;0,303450;-0,277620;0,575580;-0,189990;0,140374;0,276026;5,611280;0,405340;0,432674;1,098964;0,394102
430028;-51,736470;-30,752940;0,051390;0,109440;3,691400;0,555160;0,409080;2,598820;0,541290;0,343218;0,884256;5,120340;0,550884;0,098452;1,105870;0,531732
430029;-56,212930;-29,305570;-0,038990;0,090160;4,157700;0,498970;-0,633020;0,249140;-0,671320;0,066375;0,460315;3,172900;0,625675;-0,216770;-0,260035;0,100483
430030;-55,078820;-30,612320;0,047750;0,511330;3,637600;0,561650;-0,417560;-0,256090;-0,677450;0,015700;0,259447;3,796600;0,519647;-0,135953;0,399400;-0,172230
430031;-54,279080;-31,215670;0,050940;0,337260;3,560700;0,570910;0,100290;0,498950;-0,234090;0,189645;0,637848;3,485100;0,556530;-0,144327;0,464552;-0,147922
430032;-52,965490;-31,014080;0,617400;1,564670;1,751300;0,788960;0,535540;0,753520;0,487680;0,067258;0,282107;4,113120;0,522428;-0,298233;1,304128;0,120017
430033;-52,449030;-31,494750;0,206160;0,469290;2,705200;0,674010;-1,154370;2,101030;0,476360;0,174758;0,312098;4,071800;0,521910;-0,430713;1,171805;-0,365125
430034;-53,180820;-32,165750;0,058280;0,124470;5,091500;0,386450;-0,820160;0,910670;-0,790640;0,211615;0,455258;3,568400;0,597738;-0,591463;0,944428;-0,242220
430035;-52,573540;-32,761780;-0,028040;-0,550190;5,335200;0,357070;-1,847310;0,424210;-1,698830;0,248787;0,552923;3,360020;0,454637;-0,750717;1,195760;-0,168090
500001;-57,547890;-19,673810;0,618110;-0,607700;3,953900;0,523530;0,400500;-2,428440;-2,485700;0,332736;0,526986;4,018120;0,486730;-0,155872;-0,333694;-1,033392
500002;-56,066210;-19,842430;0,626710;0,650490;3,256100;0,607620;-1,312310;-0,407240;-2,785120;0,255916;0,298830;3,809140;0,540976;-0,267234;-0,749968;-1,124338
500003;-54,342960;-18,512660;0,099920;0,407710;4,732800;0,429670;-0,311730;-1,052710;-0,300260;0,321136;0,449364;4,511940;0,487509;-0,246111;-0,444394;-1,174693
500004;-54,497830;-20,386170;0,200780;0,704160;4,267900;0,485690;-0,385970;-0,508970;-0,822050;0,329080;0,590628;5,080460;0,398713;-0,622330;-0,108882;-1,346050
500005;-52,630400;-18,778230;0,131300;0,526530;2,697700;0,674920;-0,258670;-0,532280;-0,138170;0,297700;0,827715;5,230340;0,416850;0,028945;-0,275010;-0,477335
500006;-51,719440;-19,878650;0,931560;1,847520;6,372100;0,232130;0,309050;-1,502300;-1,321350;0,239255;0,518317;6,595840;-0,069813;0,191512;0,189502;-0,348283
500007;-52,886430;-20,450680;0,436840;0,427070;8,275300;0,002770;-0,011290;0,096880;-1,248240;0,311382;0,787932;5,866740;0,105182;-0,400581;-0,220020;-0,794326
500008;-52,976510;-22,277660;0,477160;1,176830;7,779800;0,062480;-1,269560;-0,325420;-0,399700;0,249908;0,809380;13,641780;-0,295172;-0,240000;0,032204;-0,454108
500009;-56,469500;-21,241250;0,207920;0,112740;2,396600;0,711200;-0,184980;-0,687260;-0,963100;0,465890;0,306677;5,161460;0,561980;-0,588600;-0,636047;-2,107133
500010;-54,975680;-22,279260;0,152850;0,877240;3,694500;0,554790;-0,853990;0,927540;-1,050580;0,351572;0,681922;5,667060;0,264697;-0,467312;-0,299728;-0,944893
500011;-54,046600;-22,974780;0,160020;1,020240;10,634900;-0,281580;0,360240;0,033640;0,548850;0,320810;1,094258;6,557860;0,209736;-0,868164;0,251536;-0,790850
510001;-59,460460;-11,032880;-0,068290;0,967170;3,377700;0,592970;1,334200;5,750920;0,065000;0,198462;0,850256;3,280300;0,588661;1,055763;-0,110921;1,163323
510002;-57,105870;-9,015900;0,427360;0,791580;1,446600;0,825670;0,207430;-0,695540;0,405220;0,260500;1,458976;4,221160;0,395214;1,306542;1,794662;0,188288
510003;-54,617650;-10,273620;0,484380;0,947920;1,664300;0,799440;1,470940;0,473740;1,639030;0,370870;1,350007;2,743220;0,394616;1,418536;3,061063;1,014716
510004;-58,346710;-13,308470;0,107460;1,195730;3,616800;0,564150;-0,399510;0,466770;-0,481420;0,204414;1,139979;8,331400;0,289811;0,496979;1,322583;0,206096
510005;-57,102430;-12,224400;-0,063960;1,038460;6,288700;0,242170;1,014830;1,493000;0,664720;0,221747;1,371295;2,726320;0,712213;0,770452;1,425875;0,727952
510006;-55,463070;-13,045220;0,178580;1,786250;2,131700;0,743110;0,488610;0,590420;0,425260;0,241740;1,315912;3,814640;0,544283;0,210368;0,896682;0,406783
510007;-54,709790;-11,644510;0,200990;2,539120;2,091600;0,747940;1,521040;1,968940;2,314620;0,194085;1,047057;2,746520;0,596068;0,510377;0,885057;0,205635
510008;-54,209400;-13,498630;0,198630;0,556830;1,757500;0,788210;-0,353060;0,576600;-0,686080;0,168083;1,206227;3,006460;0,587178;0,391102;0,664408;0,488077
510009;-51,770710;-11,598530;0,160420;0,686070;6,379000;0,231290;0,546960;1,614470;-0,242620;0,507850;1,560483;1,879760;0,659570;0,717459;2,114991;0,633296
510010;-52,788550;-13,306410;0,206460;1,266810;1,890400;0,772190;-0,106020;0,562110;-0,566500;0,233868;0,976445;2,582140;0,680337;0,126330;0,363068;0,037375
510011;-51,226100;-13,834270;0,568890;0,196010;0,868800;0,895300;-1,297000;-1,276830;-1,337170;0,524977;1,337839;2,550480;0,680690;-0,047177;-0,350761;-0,844459
510012;-59,662190;-15,132050;0,080040;0,531250;2,501100;0,698600;0,167930;-1,407000;-2,143020;0,365393;1,168600;7,748860;-0,368560;-0,614177;-0,623837;-1,304140
510013;-57,911680;-14,931180;0,292730;1,366100;25,862500;-2,116590;-1,355740;-1,094910;-1,790040;0,354379;0,960533;3,919620;0,455281;-0,044759;-0,135819;-0,608781
510014;-58,582420;-15,655070;0,695990;0,943970;4,590900;0,446760;-0,087280;-1,243370;-1,640960;0,307603;0,898730;8,173940;-0,399443;-0,078583;-0,969857;-1,545270
510015;-56,560300;-14,638780;0,768450;2,485450;2,413800;0,709120;-0,966110;0,864470;0,160030;0,204410;1,106990;9,222760;-0,148805;-0,205405;-0,006853;-0,344343
510016;-55,640940;-14,611470;0,238870;0,079880;6,521600;0,214110;0,445020;0,010310;0,468830;0,295638;1,376648;2,844400;0,091684;-0,522344;0,340466;-0,362602
510017;-56,021220;-15,967970;0,039800;0,688610;5,522000;0,334570;-0,425420;0,765750;0,077820;0,267193;0,723915;4,448660;0,047007;0,031543;0,009943;-0,486223
510018;-57,143080;-16,523160;0,550040;0,798840;6,475500;0,219660;0,952060;-0,407660;-0,702750;0,365144;0,611226;8,564920;-0,069246;-0,278068;-0,622914;-1,250922
510019;-54,609020;-15,250050;0,143800;0,876690;2,397000;0,711150;0,423380;0,088920;0,208430;0,150892;0,836270;4,131720;0,613720;-0,178048;0,399434;-0,324684
510020;-53,463500;-16,040520;0,130480;1,003950;2,422100;0,708130;-0,083340;-0,793690;-0,032930;0,262769;0,804860;3,171280;0,679527;-0,136059;0,259963;-0,504959
510021;-54,640670;-16,512090;0,179090;0,665150;4,435400;0,465500;0,077600;0,886400;-0,415730;0,233896;0,563993;3,591460;0,511320;0,103259;-0,577849;-0,509033
510022;-53,513690;-17,262850;0,055120;0,779850;2,883400;0,652530;-0,232640;-0,217110;-0,327840;0,126200;0,700154;3,757520;0,547198;-0,049272;-0,094604;-0,142660
520001;-50,124540;-13,765840;0,839330;1,577700;1,508400;0,818230;0,813200;-0,804760;-1,044310;0,655040;1,208500;5,001560;0,453326;-0,324238;-1,028352;-0,877386
520002;-50,751400;-15,112120;0,862490;1,371130;1,333600;0,839290;-0,299970;-3,184480;-1,085700;0,590557;0,927637;6,497380;0,399810;-0,060933;0,082589;-0,632729
520003;-51,902330;-16,071670;0,595810;0,952080;1,641000;0,802250;-0,147510;0,756990;-1,269690;0,421390;0,847372;3,501020;0,720176;-0,154818;-0,257168;-0,392650
520004;-49,018030;-13,903730;0,501930;1,072230;1,944900;0,765630;0,772200;0,524530;0,355300;0,558989;1,377666;6,134380;0,338894;0,407473;0,312537;-0,199206
520005;-47,229120;-13,826810;0,399630;0,651490;1,868300;0,774860;1,309490;0,952170;0,996370;0,238064;0,885658;3,467720;0,572432;0,706482;1,182376;0,626646
520006;-49,439930;-15,013400;0,462040;0,896000;15,161400;-0,827040;0,257140;-0,599010;-0,649900;0,601882;1,204756;3,597020;0,647564;0,249264;-0,529570;-0,275402
520007;-49,395860;-15,973070;0,552520;0,895300;6,434700;0,224580;-0,092250;0,443520;0,018470;0,447378;1,060782;6,274980;0,301538;0,060988;-0,698602;-0,113068
520008;-50,950990;-16,416860;0,454880;0,768340;2,486300;0,700390;0,576440;2,949900;0,318760;0,448772;0,968150;4,866540;0,413552;-0,215026;-0,648500;-0,593234
520009;-50,127540;-16,437780;0,660430;1,208030;6,763500;0,184960;-0,536550;-0,891690;-0,465260;0,449386;0,775552;5,086480;0,387048;0,100846;-0,198188;-0,181612
520010;-49,193330;-16,757260;0,342120;0,430910;5,082800;0,387490;0,740890;-0,257300;0,159720;0,293982;0,917996;6,247480;0,247142;-0,179314;-0,345228;0,112328
520011;-46,548790;-14,071010;0,397310;0,752280;2,396100;0,711260;1,008500;1,179700;0,842570;0,242234;0,892104;2,891380;0,691166;0,287856;0,925798;0,092426
520012;-48,714270;-15,946580;0,253140;1,107420;3,401500;0,590090;0,053140;0,373340;0,379230;0,291617;0,810307;4,064440;0,459670;0,403094;0,228237;0,344169
520013;-51,705750;-17,789690;0,090210;0,897430;4,499600;0,457770;0,329780;1,019260;0,173790;0,211631;0,721614;2,396060;0,557022;-0,059284;0,065529;-0,158131
520014;-50,264440;-17,310750;0,034920;0,412080;10,095000;-0,216510;-0,420880;-0,942580;-0,319310;0,333126;0,805616;5,135580;0,427770;0,222478;0,423450;0,106250
520015;-49,373830;-17,831310;0,117990;0,723370;4,910600;0,408240;0,001830;-0,702920;0,344240;0,122792;0,667475;6,861000;0,311769;0,202265;0,150689;0,208851
520016;-48,417590;-16,948020;0,104050;1,351200;3,033600;0,634440;0,151280;0,367530;0,983500;0,238582;0,704160;4,245780;0,410904;0,159820;-0,065070;0,208900
520017;-48,091190;-17,700600;-0,072860;0,363800;4,612800;0,444120;0,095490;-0,181990;0,142840;0,152715;0,799940;5,322160;0,397222;0,295863;0,464528;0,427758
520018;-50,976130;-18,817730;0,172550;0,606710;2,271900;0,726230;0,090500;0,005920;0,159890;0,270577;0,918608;8,912600;0,154925;0,229960;-0,250558;-0,051603
530001;-47,796860;-15,775640;0,140970;0,589260;3,221200;0,611830;-0,200890;-1,555820;0,645310;0,192015;0,947510;4,100500;0,641405;0,239815;0,680505;0,284320
